Date,AAPL,MSFT,GOOGL,AMZN,NVDA,META,TSLA,JPM,XOM,JNJ
2023-05-30,174.84877014160156,323.55426025390625,122.65625,121.66000366210938,40.075523376464844,260.4759216308594,201.16000366210938,128.3787841796875,94.11470794677734,141.42724609375
2023-05-31,174.79945373535156,320.79949951171875,121.8628158569336,120.58000183105469,37.800533294677734,262.6588134765625,203.92999267578125,126.7444076538086,92.43216705322266,142.0594024658203
2023-06-01,177.6001739501953,324.8925476074219,122.70584106445312,122.7699966430664,39.734832763671875,270.4873352050781,207.52000427246094,128.4908447265625,93.49959564208984,141.5830078125
2023-06-02,178.44830322265625,327.6474304199219,123.6480484008789,124.25,39.29222106933594,270.4873352050781,213.97000122070312,131.1898956298828,95.67063903808594,143.8092498779297
2023-06-05,177.0972442626953,328.1749267578125,124.97706604003906,125.30000305175781,39.13636016845703,269.27685546875,217.61000061035156,129.9010772705078,95.2454833984375,145.0460662841797
2023-06-06,176.73236083984375,325.9671936035156,126.26640319824219,126.61000061035156,38.619815826416016,269.0089416503906,221.30999755859375,130.13455200195312,96.02342987060547,144.9178009033203
2023-06-07,175.36158752441406,315.9052734375,121.49583435058594,121.2300033569336,37.44572067260742,261.5474853515625,224.57000732421875,131.3953857421875,98.17637634277344,145.22930908203125
2023-06-08,178.07354736328125,317.74176025390625,121.1387939453125,124.25,38.479923248291016,262.5198974609375,234.86000061035156,131.4327392578125,97.86882019042969,146.82342529296875
2023-06-09,178.45816040039062,319.2364501953125,121.22804260253906,123.43000030517578,38.73971939086914,262.88702392578125,244.39999389648438,131.6942138671875,97.1451416015625,146.59437561035156
2023-06-12,181.24900817871094,324.179443359375,122.6264877319336,126.56999969482422,39.4511604309082,268.93951416015625,249.8300018310547,131.68490600585938,96.26766204833984,146.4936065673828
2023-06-13,180.775634765625,326.5631408691406,122.81493377685547,126.66000366210938,40.98996353149414,269.2073974609375,258.7099914550781,132.6374969482422,96.28575897216797,147.26318359375
2023-06-14,181.4068145751953,329.54254150390625,122.65625,126.41999816894531,42.963417053222656,271.2215881347656,256.7900085449219,132.14254760742188,95.12786865234375,148.01443481445312
2023-06-15,183.43833923339844,340.0539245605469,124.06460571289062,127.11000061035156,42.619686126708984,279.635498046875,255.89999389648438,133.63682556152344,95.7882308959961,150.0024871826172
2023-06-16,182.36341857910156,334.417236328125,122.51739501953125,125.48999786376953,42.65864944458008,278.8119812011719,260.5400085449219,133.79559326171875,95.10072326660156,150.4605712890625
2023-06-20,182.45216369628906,330.23614501953125,122.09090423583984,125.77999877929688,43.773780822753906,282.1160583496094,274.45001220703125,133.1138458251953,92.92064666748047,150.3689727783203
2023-06-21,181.41668701171875,325.84991455078125,119.56182098388672,124.83000183105469,43.011375427246094,279.4470520019531,259.4599914550781,132.91770935058594,93.96094512939453,150.139892578125
2023-06-22,184.4146728515625,331.8577575683594,122.14051818847656,130.14999389648438,42.991397857666016,282.661865234375,264.6099853515625,130.35873413085938,93.44532012939453,151.73402404785156
2023-06-23,184.09906005859375,327.2762145996094,121.3371353149414,129.3300018310547,42.176029205322266,286.4818420410156,256.6000061035156,129.6769561767578,92.63116455078125,151.6057586669922
2023-06-26,182.7085723876953,321.00457763671875,117.36992645263672,127.33000183105469,40.60026168823242,276.30169677734375,241.0500030517578,129.99449157714844,94.34088897705078,149.91087341308594
2023-06-27,185.4600067138672,326.83660888671875,117.36002349853516,129.17999267578125,41.843284606933594,284.8149108886719,250.2100067138672,130.00384521484375,94.57605743408203,149.59938049316406
2023-06-28,186.63352966308594,328.0870056152344,119.19486236572266,129.0399932861328,41.08488464355469,283.0686340332031,256.239990234375,129.4341278076172,95.34498596191406,149.2970428466797
2023-06-29,186.96884155273438,327.3055114746094,118.12370300292969,127.9000015258789,40.79011535644531,279.3379211425781,257.5,133.95437622070312,96.52095031738281,150.3414764404297
2023-06-30,191.28826904296875,332.6686096191406,118.71878814697266,130.36000061035156,42.26895523071289,284.7454833984375,261.7699890136719,135.83157348632812,97.01847839355469,151.6423797607422
2023-07-03,189.79916381835938,330.1775207519531,118.91714477539062,130.22000122070312,42.37986755371094,283.79290771484375,279.82000732421875,136.9242706298828,97.20845794677734,149.6543426513672
2023-07-05,188.6847686767578,330.3338623046875,120.75198364257812,130.3800048828125,42.28395080566406,292.07794189453125,282.4800109863281,136.01214599609375,96.71092987060547,149.15960693359375
2023-07-06,189.1581573486328,333.3817138671875,119.12543487548828,128.36000061035156,42.07011795043945,289.7164306640625,276.5400085449219,134.66746520996094,93.1015625,148.05108642578125
2023-07-07,188.04376220703125,329.42535400390625,118.5005874633789,129.77999877929688,42.46980285644531,288.2678527832031,274.42999267578125,135.7300262451172,93.31868743896484,145.8981170654297
2023-07-10,186.0023651123047,324.1600036621094,115.49542999267578,127.12999725341797,42.14706039428711,291.8100280761719,269.6099853515625,136.49171447753906,94.70270538330078,146.13629150390625
2023-07-11,185.479736328125,324.7851257324219,116.17977142333984,128.77999877929688,42.37187576293945,295.96746826171875,269.7900085449219,138.62632751464844,95.86060333251953,145.330078125
2023-07-12,187.1463623046875,329.4057922363281,117.9551010131836,130.8000030517578,43.867706298828125,306.9313659667969,271.989990234375,139.31275939941406,96.33100128173828,144.82620239257812
2023-07-13,187.90567016601562,334.7396240234375,123.51911163330078,134.3000030517578,45.94109344482422,310.96966552734375,277.8999938964844,139.98977661132812,94.5670166015625,145.49496459960938
2023-07-14,188.05361938476562,337.2599792480469,124.39189910888672,134.67999267578125,45.43348693847656,306.4650573730469,281.3800048828125,140.83612060546875,91.3104476928711,146.4661407470703
2023-07-17,191.3080291748047,337.7386474609375,123.62821197509766,133.55999755859375,46.424713134765625,308.20135498046875,290.3800048828125,144.23080444335938,91.70846557617188,145.73321533203125
2023-07-18,191.05162048339844,351.1805725097656,122.74549865722656,132.8300018310547,47.4568977355957,309.6202697753906,293.3399963378906,144.4940948486328,91.29235076904297,145.72402954101562
2023-07-19,192.40269470214844,346.8725280761719,121.0296859741211,135.36000061035156,47.040225982666016,313.5494689941406,291.260009765625,145.04891967773438,91.92558288574219,145.43084716796875
2023-07-20,190.4599151611328,338.852294921875,118.22288513183594,129.9600067138672,45.48444366455078,300.16448974609375,262.8999938964844,146.8355712890625,93.54480743408203,154.2626190185547
2023-07-21,189.2863311767578,335.8239440917969,119.0361557006836,130.0,44.27438735961914,291.96881103515625,260.0199890136719,145.7071533203125,93.97903442382812,155.92088317871094
2023-07-24,190.0851593017578,337.1329040527344,120.5337905883789,128.8000030517578,44.577152252197266,289.33941650390625,269.05999755859375,148.57521057128906,95.4535140991211,156.73622131347656
2023-07-25,190.943115234375,342.8672790527344,121.20822143554688,129.1300048828125,45.64332580566406,292.1771240234375,265.2799987792969,147.46560668945312,95.5982666015625,157.9364013671875
2023-07-26,191.8109588623047,329.96258544921875,128.21034240722656,128.14999389648438,45.4164924621582,296.2452697753906,264.3500061035156,148.3495330810547,95.06454467773438,158.23873901367188
2023-07-27,190.54867553710938,323.07562255859375,128.33926391601562,128.25,45.86415481567383,309.28289794921875,255.7100067138672,146.7133331298828,95.36306762695312,159.12742614746094
2023-07-28,193.12258911132812,330.5487060546875,131.4932098388672,132.2100067138672,46.71348190307617,322.9457092285156,266.44000244140625,147.55026245117188,94.2232666015625,159.85116577148438
2023-07-31,193.73402404785156,328.1553649902344,131.63204956054688,133.67999267578125,46.692501068115234,316.1192626953125,267.42999267578125,148.53759765625,97.00943756103516,153.48391723632812
2023-08-01,192.9055938720703,328.565673828125,130.4716796875,131.69000244140625,46.470672607421875,320.1972351074219,261.07000732421875,147.80410766601562,96.44859313964844,154.72984313964844
2023-08-02,189.91751098632812,319.9300231933594,127.32763671875,128.2100067138672,44.23442840576172,311.8626403808594,254.11000061035156,146.13031005859375,95.2454833984375,155.66432189941406
2023-08-03,188.5270233154297,319.1094665527344,127.39706420898438,128.91000366210938,44.480228424072266,310.75140380859375,259.32000732421875,147.02365112304688,96.9009017944336,156.33314514160156
2023-08-04,179.47389221191406,320.2035827636719,127.05984497070312,139.57000732421875,44.64509963989258,308.310546875,253.86000061035156,146.7133331298828,97.1722640991211,154.8672637939453
2023-08-07,176.37734985351562,322.4797058105469,130.45179748535156,142.22000122070312,45.381534576416016,314.0951232910156,251.4499969482422,147.4091796875,96.97325897216797,158.58689880371094
2023-08-08,177.31419372558594,318.5135192871094,130.3228759765625,139.94000244140625,44.629112243652344,310.2056884765625,249.6999969482422,146.5816650390625,97.45270538330078,158.6602020263672
2023-08-09,175.72645568847656,314.7818298339844,128.59715270996094,137.85000610351562,42.52076721191406,302.83349609375,242.19000244140625,144.6163330078125,99.10812377929688,158.55941772460938
2023-08-10,175.509521484375,315.4657287597656,128.6269073486328,138.55999755859375,42.35489273071289,303.359375,245.33999633789062,144.4000701904297,99.61469268798828,157.73486328125
2023-08-11,175.56874084472656,313.590087890625,128.49795532226562,138.41000366210938,40.82308578491211,299.2912902832031,242.64999389648438,145.23696899414062,101.16156005859375,159.27401733398438
2023-08-14,177.2178955078125,316.54998779296875,130.25344848632812,140.57000732421875,43.71882247924805,303.805908203125,239.75999450683594,145.5378875732422,101.24297332763672,158.89834594726562
2023-08-15,175.2329864501953,314.42034912109375,128.71615600585938,137.6699981689453,43.90568161010742,299.59893798828125,232.9600067138672,141.83290100097656,98.64371490478516,158.44029235839844
2023-08-16,174.36398315429688,313.6568298339844,127.64501953125,135.07000732421875,43.452030181884766,291.99853515625,225.60000610351562,141.23110961914062,96.98385620117188,157.9364013671875
2023-08-17,171.82608032226562,310.2109069824219,128.85501098632812,133.97999572753906,43.31013870239258,282.8701171875,219.22000122070312,139.76414489746094,98.86260986328125,159.42059326171875
2023-08-18,172.30999755859375,309.8193054199219,126.41517639160156,133.22000122070312,43.26517868041992,281.04449462890625,215.49000549316406,140.08384704589844,100.35832214355469,158.02804565429688
2023-08-21,173.64312744140625,315.105712890625,127.31771850585938,134.67999267578125,46.93031692504883,287.6427307128906,231.27999877929688,140.56341552734375,99.14532470703125,153.31900024414062
2023-08-22,175.01576232910156,315.6734313964844,128.02186584472656,134.25,45.632328033447266,285.360595703125,233.19000244140625,137.64834594726562,98.5890121459961,152.10047912597656
2023-08-23,178.8571319580078,320.1178894042969,131.28489685058594,135.52000427246094,47.07920837402344,291.9489440917969,236.86000061035156,138.5792999267578,97.72257995605469,150.73541259765625
2023-08-24,174.17636108398438,313.23590087890625,128.71615600585938,131.83999633789062,47.12615966796875,284.5173034667969,230.0399932861328,138.44766235351562,96.99297332763672,151.24847412109375
2023-08-25,176.37850952148438,316.1824951171875,128.8153533935547,133.25999450683594,45.9820556640625,283.2769775390625,238.58999633789062,138.2783966064453,98.7258071899414,153.41705322265625
2023-08-28,177.93878173828125,316.8873291015625,129.93606567382812,133.13999938964844,46.79841995239258,287.9999084472656,238.82000732421875,138.75794982910156,99.55573272705078,151.6083221435547
2023-08-29,181.8196563720703,321.4981689453125,133.46690368652344,134.91000366210938,48.74589538574219,295.6697082519531,257.17999267578125,139.88638305664062,100.14855194091797,151.62680053710938
2023-08-30,185.3055419921875,321.8702392578125,134.76614379882812,135.07000732421875,49.225521087646484,292.80224609375,256.8999938964844,139.32217407226562,101.1244125366211,151.0915985107422
2023-08-31,185.52279663085938,320.8619384765625,135.0537872314453,138.00999450683594,49.31644821166992,293.5860900878906,258.0799865722656,137.60134887695312,101.40715026855469,149.1997833251953
2023-09-01,187.0929412841797,321.7430114746094,134.54798889160156,138.1199951171875,48.47111129760742,294.0722961425781,245.00999450683594,138.0620880126953,103.53214263916016,148.0924530029297
2023-09-05,187.3299560546875,326.5300598144531,134.65707397460938,137.27000427246094,48.51007843017578,297.81292724609375,256.489990234375,136.53872680664062,103.54125213623047,148.2769775390625
2023-09-06,180.62478637695312,325.8741760253906,133.35780334472656,135.36000061035156,47.02811813354492,296.8405456542969,251.9199981689453,136.3130645751953,104.43504333496094,145.8131103515625
2023-09-07,175.34164428710938,322.9666442871094,134.1512451171875,137.85000610351562,46.20869445800781,296.344482421875,251.49000549316406,135.14700317382812,103.92430877685547,147.67718505859375
2023-09-08,175.95387268066406,327.2349548339844,135.26206970214844,138.22999572753906,45.54015350341797,295.570556640625,248.5,135.25047302246094,105.43824768066406,148.16627502441406
2023-09-11,177.11911010742188,330.8276062011719,135.79763793945312,143.10000610351562,45.146427154541016,305.16522216796875,273.5799865722656,135.84288024902344,104.11582946777344,150.1042022705078
2023-09-12,174.09735107421875,324.7875061035156,134.23057556152344,141.22999572753906,44.838645935058594,299.3111877441406,267.4800109863281,137.6107635498047,107.15283966064453,150.9531707763672
2023-09-13,172.03350830078125,328.9872741699219,135.58937072753906,144.85000610351562,45.45322036743164,302.6846618652344,271.29998779296875,137.6765594482422,106.19522094726562,151.33152770996094
2023-09-14,173.5443572998047,331.5716552734375,136.96795654296875,144.72000122070312,45.54915237426758,309.2928771972656,276.0400085449219,140.34715270996094,108.09221649169922,151.100830078125
2023-09-15,172.82345581054688,323.2701416015625,136.27369689941406,140.38999938964844,43.86932373046875,297.9716796875,274.3900146484375,139.93341064453125,106.43235778808594,148.98756408691406
2023-09-18,175.7465057373047,322.134521484375,137.07704162597656,139.97999572753906,43.93527603149414,300.1942138671875,265.2799987792969,140.2249298095703,107.28964233398438,149.9288330078125
2023-09-19,176.832763671875,321.733154296875,136.90843200683594,137.6300048828125,43.489585876464844,302.69464111328125,266.5,140.04623413085938,107.00692749023438,149.67970275878906
2023-09-20,173.2974853515625,314.01898193359375,132.64370727539062,135.2899932861328,42.2094841003418,297.3367004394531,262.5899963378906,139.4538116455078,106.15875244140625,150.33486938476562
2023-09-21,171.7569580078125,312.8050537109375,129.37075805664062,129.3300018310547,40.98834228515625,293.4273376464844,255.6999969482422,138.36302185058594,104.66304016113281,149.18138122558594
2023-09-22,172.60621643066406,310.338134765625,129.1822967529297,129.1199951171875,41.58092498779297,296.7512512207031,244.8800048828125,137.037109375,104.82720947265625,148.1109161376953
2023-09-25,173.88009643554688,310.8570556640625,130.0352783203125,131.27000427246094,42.192501068115234,298.4876403808594,246.99000549316406,137.71417236328125,106.00372314453125,147.889404296875
2023-09-26,169.81161499023438,305.5706481933594,127.51609802246094,125.9800033569336,41.8817138671875,296.6321716308594,244.1199951171875,136.2848358154297,106.16786193847656,146.7451629638672
2023-09-27,168.3007049560547,306.20697021484375,129.4699249267578,125.9800033569336,42.43832778930664,295.42169189453125,240.5,137.08413696289062,109.62440490722656,144.9825897216797
2023-09-28,168.55743408203125,307.0390930175781,131.22543334960938,125.9800033569336,43.05889129638672,301.59326171875,246.3800048828125,138.7861785888672,108.95863342285156,144.7703399658203
2023-09-29,169.07095336914062,309.1046447753906,129.78729248046875,127.12000274658203,43.468605041503906,297.8724670410156,250.22000122070312,136.36949157714844,107.23492431640625,143.72755432128906
2023-10-02,171.57919311523438,315.0273132324219,133.0701904296875,129.4600067138672,44.750709533691406,304.43096923828125,251.60000610351562,135.19403076171875,105.45648193359375,143.17384338378906
2023-10-03,170.24610900878906,306.79437255859375,131.3444366455078,124.72000122070312,43.48658752441406,298.5967712402344,246.52999877929688,134.197265625,105.6388931274414,143.34921264648438
2023-10-04,171.49034118652344,312.2471008300781,134.13140869140625,127.0,44.010231018066406,303.2006530761719,261.1600036621094,134.79910278320312,101.68987274169922,143.51531982421875
2023-10-05,172.72474670410156,312.6386413574219,133.9628143310547,125.95999908447266,44.656768798828125,302.41680908203125,260.04998779296875,135.36749267578125,99.40071105957031,145.01025390625
2023-10-06,175.2725067138672,320.37249755859375,136.4522247314453,127.95999908447266,45.73003005981445,312.97393798828125,260.5299987792969,137.45152282714844,97.74082946777344,145.47166442871094
2023-10-09,176.75376892089844,322.8785400390625,137.28533935546875,128.25999450683594,45.241363525390625,315.8811340332031,259.6700134277344,137.138916015625,101.160888671875,146.30218505859375
2023-10-10,176.16123962402344,321.47869873046875,136.92828369140625,129.47999572753906,45.765995025634766,319.33404541015625,263.6199951171875,137.97251892089844,100.73223876953125,146.13609313964844
2023-10-11,177.5536346435547,325.4238586425781,139.3978729248047,131.8300018310547,46.773292541503906,325.26751708984375,262.989990234375,138.44615173339844,97.12066650390625,144.12435913085938
2023-10-12,178.4522705078125,324.1903076171875,137.830810546875,132.3300018310547,46.912193298339844,321.63592529296875,258.8699951171875,138.1240997314453,97.10242462158203,144.26278686523438
2023-10-13,176.6155242919922,320.8326110839844,136.2340087890625,129.7899932861328,45.42923355102539,312.2397155761719,251.1199951171875,140.19863891601562,100.20327758789062,144.7426300048828
2023-10-16,176.48712158203125,325.6391906738281,137.95977783203125,132.5500030517578,46.06279373168945,318.6494140625,253.9199981689453,140.05654907226562,100.2762451171875,145.37017822265625
2023-10-17,174.93673706054688,325.0714416503906,138.57469177246094,131.47000122070312,43.90730285644531,321.4772033691406,254.85000610351562,139.75343322753906,101.58953857421875,144.04132080078125
2023-10-18,173.64312744140625,323.1624450683594,136.8291015625,128.1300048828125,42.16651153564453,314.501953125,242.67999267578125,138.2187957763672,103.01228332519531,140.940673828125
2023-10-19,173.2678680419922,324.34698486328125,136.62083435058594,128.39999389648438,42.071590423583984,310.37432861328125,220.11000061035156,137.63148498535156,103.07612609863281,140.5623321533203
2023-10-20,170.72007751464844,319.79486083984375,134.48846435546875,125.16999816894531,41.35807800292969,306.2467346191406,211.99000549316406,135.4148406982422,101.30680847167969,141.1898193359375
2023-10-23,170.83859252929688,322.3890686035156,135.38108825683594,126.55999755859375,42.944969177246094,311.5650329589844,212.0800018310547,133.567626953125,99.82022857666016,139.70411682128906
2023-10-24,171.27308654785156,323.5735778808594,137.672119140625,128.55999755859375,43.63248825073242,310.1163635253906,216.52000427246094,133.72865295410156,98.85348510742188,139.55645751953125
2023-10-25,168.96234130859375,333.5002746582031,124.5803451538086,121.38999938964844,41.74979782104492,297.1977844238281,212.4199981689453,132.99925231933594,99.03589630126953,139.87022399902344
2023-10-26,164.80491638183594,320.9891662597656,121.27763366699219,119.56999969482422,40.297821044921875,286.1047668457031,205.75999450683594,133.3402862548828,98.13299560546875,137.49859619140625
2023-10-27,166.11831665039062,322.8687744140625,121.16854858398438,127.73999786376953,40.47169494628906,294.4195251464844,207.3000030517578,128.53753662109375,96.26335906982422,134.36105346679688
2023-10-30,168.16244506835938,330.21087646484375,123.43976593017578,132.7100067138672,41.132240295410156,300.3033447265625,197.36000061035156,130.1763153076172,96.5643310546875,135.68063354492188
2023-10-31,168.6364288330078,330.9940490722656,123.0628890991211,133.08999633789062,40.751502990722656,298.9241638183594,200.83999633789062,131.72987365722656,96.5369644165039,136.88954162597656
2023-11-01,171.79647827148438,338.7865905761719,125.41346740722656,137.0,42.29542922973633,309.4218444824219,205.66000366210938,131.6162109375,96.3454360961914,137.21253967285156
2023-11-02,175.35150146484375,340.9892272949219,126.44493103027344,138.07000732421875,43.4755973815918,308.4494323730469,218.50999450683594,133.9654998779297,99.51013946533203,138.64291381835938
2023-11-03,174.44296264648438,345.3748779296875,128.041748046875,138.60000610351562,44.97355651855469,312.1504211425781,219.9600067138672,135.4622039794922,98.29715728759766,139.65797424316406
2023-11-06,176.99075317382812,349.0263977050781,129.1822967529297,139.74000549316406,45.71903610229492,313.3410339355469,219.27000427246094,136.4852752685547,96.55521392822266,139.9901580810547
2023-11-07,179.54840087890625,352.9422302246094,129.8964080810547,142.7100067138672,45.92289352416992,316.3375244140625,222.17999267578125,136.41896057128906,95.041259765625,139.25193786621094
2023-11-08,180.6050262451172,355.5560302734375,130.75926208496094,142.0800018310547,46.54146194458008,317.2900390625,222.11000061035156,137.09153747558594,93.8738784790039,138.74441528320312
2023-11-09,180.13104248046875,353.0989074707031,129.1724090576172,140.60000610351562,46.91719436645508,318.0540466308594,209.97999572753906,136.6842041015625,93.9012451171875,136.0405731201172
2023-11-10,184.3136749267578,361.889892578125,131.5031280517578,143.55999755859375,48.30122375488281,326.2100830078125,214.64999389648438,138.71139526367188,94.62174224853516,135.88369750976562
2023-11-13,182.73159790039062,358.9627990722656,131.0072021484375,142.58999633789062,48.58601760864258,326.6268005371094,223.7100067138672,138.09564208984375,95.61583709716797,136.23434448242188
2023-11-14,185.34205627441406,362.47723388671875,132.52467346191406,145.8000030517578,49.62130355834961,333.6913146972656,237.41000366210938,140.61544799804688,95.9839859008789,136.2620391845703
2023-11-15,185.90567016601562,362.6243591308594,133.51646423339844,143.1999969482422,48.85383605957031,330.1193542480469,242.83999633789062,141.84690856933594,95.40415954589844,137.3140411376953
2023-11-16,187.586669921875,369.00048828125,135.8075408935547,142.8300018310547,49.44542694091797,331.587890625,233.58999633789062,143.46678161621094,94.29972076416016,138.51370239257812
2023-11-17,187.5668487548828,362.8009948730469,134.20083618164062,145.17999267578125,49.263553619384766,332.4312438964844,234.3000030517578,144.7646026611328,96.60061645507812,138.2276153564453
2023-11-20,189.30714416503906,370.246337890625,135.13311767578125,146.1300048828125,50.373779296875,337.3229064941406,235.60000610351562,145.2097930908203,96.17725372314453,139.44619750976562
2023-11-21,188.50621032714844,365.9596252441406,135.84722900390625,143.89999389648438,49.90910339355469,334.356201171875,241.1999969482422,144.90667724609375,96.14044189453125,140.57171630859375
2023-11-22,189.16871643066406,370.6484375,137.354736328125,146.7100067138672,48.68196105957031,338.8309631347656,234.2100067138672,145.2476806640625,95.72627258300781,140.2926788330078
2023-11-24,187.84373474121094,370.2364196777344,135.5695037841797,146.74000549316406,47.74261474609375,335.5964050292969,235.4499969482422,145.4466094970703,96.2416763305664,141.8553924560547
2023-11-27,187.6657257080078,371.39398193359375,135.2918243408203,147.72999572753906,48.20829391479492,332.0938720703125,236.0800018310547,145.11508178710938,95.68025970458984,140.72055053710938
2023-11-28,188.26890563964844,375.4060363769531,136.07533264160156,147.02999877929688,47.78758239746094,336.3504943847656,246.72000122070312,145.4466094970703,95.62503814697266,141.04612731933594
2023-11-29,187.2504425048828,371.6294250488281,133.8834686279297,146.32000732421875,48.106361389160156,329.6134033203125,244.13999938964844,146.18551635742188,94.18928527832031,141.49261474609375
2023-11-30,187.82391357421875,371.6883239746094,131.44363403320312,146.08999633789062,46.73731994628906,324.6026611328125,240.0800018310547,147.8527069091797,94.55742645263672,143.86463928222656
2023-12-01,189.09950256347656,367.37213134765625,130.7791290283203,147.02999877929688,46.732322692871094,322.2908630371094,238.8300018310547,148.57266235351562,94.78752136230469,147.32496643066406
2023-12-04,187.30975341796875,362.1044921875,128.21034240722656,144.83999633789062,45.47819519042969,317.5281982421875,235.5800018310547,149.6620635986328,94.27210998535156,147.79006958007812
2023-12-05,191.25511169433594,365.4200744628906,129.916259765625,146.8800048828125,46.53755569458008,315.8116760253906,238.72000122070312,149.64309692382812,92.44061279296875,147.48309326171875
2023-12-06,190.1674346923828,361.77093505859375,128.95419311523438,144.52000427246094,45.475196838378906,314.9782409667969,239.3699951171875,148.0706024169922,91.21652221679688,145.6878204345703
2023-12-07,192.09559631347656,363.8799743652344,135.8075408935547,146.8800048828125,46.567535400390625,324.0470275878906,242.63999938964844,148.52529907226562,90.58148193359375,144.55296325683594
2023-12-08,193.5194549560547,367.0974426269531,133.8834686279297,147.4199981689453,47.47697830200195,330.1590881347656,243.83999633789062,150.16412353515625,91.62149047851562,143.64137268066406
2023-12-11,191.01779174804688,364.2232971191406,132.1973876953125,145.88999938964844,46.59851837158203,322.74725341796875,239.74000549316406,150.7135467529297,91.6859130859375,144.23670959472656
2023-12-12,192.53070068359375,367.24462890625,131.43368530273438,147.47999572753906,47.627891540527344,331.61761474609375,237.00999450683594,152.05868530273438,90.24095153808594,144.24603271484375
2023-12-13,195.74427795410156,367.2347717285156,131.48330688476562,148.83999633789062,48.05862808227539,332.1335754394531,239.2899932861328,152.57022094726562,91.04166412353516,144.91575622558594
2023-12-14,195.89263916015625,358.95562744140625,130.85845947265625,147.4199981689453,48.32046127319336,330.5758361816406,251.0500030517578,155.34576416015625,93.48982238769531,145.9203643798828
2023-12-15,195.35865783691406,363.6641845703125,131.51304626464844,149.97000122070312,48.86012649536133,332.3122253417969,253.5,156.52040100097656,92.86396026611328,144.3297119140625
2023-12-18,193.6974334716797,365.54754638671875,134.68678283691406,154.07000732421875,50.046409606933594,341.9366760253906,252.0800018310547,157.46768188476562,93.55422973632812,144.59019470214844
2023-12-19,194.7357177734375,366.1459655761719,135.52984619140625,153.7899932861328,49.573692321777344,347.63189697265625,257.2200012207031,159.57066345214844,94.78752136230469,145.53900146484375
2023-12-20,192.6493377685547,363.5563049316406,137.2059783935547,152.1199951171875,48.08161544799805,346.5603942871094,247.13999938964844,157.7708282470703,93.20450592041016,142.5716552734375
2023-12-21,192.5009765625,366.4206237792969,139.26893615722656,153.83999633789062,48.9600715637207,351.3328857421875,254.5,158.67074584960938,93.62786102294922,144.03207397460938
2023-12-22,191.43310546875,367.44085693359375,140.3301544189453,153.4199981689453,48.800167083740234,350.63836669921875,252.5399932861328,158.57601928710938,93.79351806640625,144.60877990722656
2023-12-26,190.88926696777344,367.51922607421875,140.3599395751953,153.41000366210938,49.2488899230957,352.067138671875,256.6099853515625,159.5138397216797,94.00519561767578,145.24131774902344
2023-12-27,190.98812866210938,366.9405517578125,139.21934509277344,153.33999633789062,49.38681411743164,355.04376220703125,261.44000244140625,160.47059631347656,93.56343841552734,145.4366912841797
2023-12-28,191.41329956054688,368.12744140625,139.0804901123047,153.3800048828125,49.49175262451172,355.52996826171875,253.17999267578125,161.3231658935547,92.21052551269531,145.65061950683594
2023-12-29,190.37506103515625,368.87298583984375,138.54493713378906,151.94000244140625,49.49175262451172,351.20391845703125,248.47999572753906,161.1337127685547,92.01724243164062,145.7994384765625
2024-01-02,183.56219482421875,363.8014831542969,137.03738403320312,149.92999267578125,48.138572692871094,343.59368896484375,248.4199981689453,163.00933837890625,94.20770263671875,148.8040008544922
2024-01-03,182.187744140625,363.5366516113281,137.78125,148.47000122070312,47.539939880371094,341.78790283203125,238.4499969482422,162.29885864257812,94.99920654296875,149.7341766357422
2024-01-04,179.87393188476562,360.9273681640625,135.27197265625,144.57000732421875,47.96868133544922,344.41717529296875,237.92999267578125,163.3759002685547,94.17088317871094,149.41795349121094
2024-01-05,179.152099609375,360.740966796875,134.6173553466797,145.24000549316406,49.0670051574707,349.2095947265625,237.49000549316406,164.1956024169922,94.45618438720703,149.88302612304688
2024-01-08,183.48309326171875,367.5487060546875,137.70188903808594,149.10000610351562,52.2210807800293,355.8673095703125,240.4499969482422,163.95733642578125,92.88236999511719,150.2550811767578
2024-01-09,183.0677947998047,368.62774658203125,139.79458618164062,151.3699951171875,53.10753631591797,354.64691162109375,234.9600067138672,162.6610565185547,91.73193359375,150.34812927246094
2024-01-10,184.10604858398438,375.4747009277344,141.1136932373047,153.72999572753906,54.316795349121094,367.58538818359375,233.94000244140625,163.0041961669922,90.82998657226562,150.5713653564453
2024-01-11,183.5127716064453,377.29925537109375,140.91534423828125,155.17999267578125,54.78850555419922,366.79168701171875,227.22000122070312,162.3179473876953,90.81157684326172,149.901611328125
2024-01-12,183.8390655517578,381.06610107421875,141.48065185546875,154.6199951171875,54.67657470703125,371.57403564453125,218.88999938964844,161.12652587890625,91.9896240234375,151.05508422851562
2024-01-16,181.57467651367188,382.8316955566406,141.32196044921875,153.16000366210938,56.347557067871094,364.59881591796875,219.91000366210938,160.1162109375,89.90962982177734,149.31558227539062
2024-01-17,180.63531494140625,382.0470275878906,140.3103485107422,151.7100067138672,56.01875686645508,365.5017395019531,215.5500030517578,159.25840759277344,89.25617980957031,149.2318572998047
2024-01-18,186.5187530517578,386.36309814453125,142.30384826660156,153.5,57.072113037109375,373.2013244628906,211.8800048828125,159.57290649414062,89.09050750732422,149.95742797851562
2024-01-19,189.4159393310547,391.07171630859375,145.18008422851562,155.33999633789062,59.45465850830078,380.4643249511719,212.19000244140625,162.32745361328125,89.22855377197266,150.3946075439453
2024-01-22,191.71981811523438,388.95281982421875,144.7932891845703,154.77999877929688,59.61756134033203,378.8072814941406,208.8000030517578,162.13685607910156,89.10891723632812,151.12948608398438
2024-01-23,192.9954071044922,391.2972412109375,145.83465576171875,156.02000427246094,59.836429595947266,382.2006530761719,209.13999938964844,161.06935119628906,90.11210632324219,148.6551513671875
2024-01-24,192.32301330566406,394.88751220703125,147.48106384277344,156.8699951171875,61.32451629638672,387.65789794921875,207.8300018310547,162.508544921875,91.66749572753906,147.86448669433594
2024-01-25,191.99671936035156,397.1534729003906,150.6250762939453,157.75,61.5793571472168,390.1185607910156,182.6300048828125,164.834228515625,93.99601745605469,148.42262268066406
2024-01-26,190.26629638671875,396.2314453125,150.94247436523438,159.1199951171875,60.99371337890625,391.07110595703125,183.25,164.20513916015625,94.79670715332031,148.36680603027344
2024-01-29,189.58401489257812,401.9111022949219,152.2516326904297,161.25999450683594,62.426841735839844,397.89752197265625,190.92999267578125,164.634033203125,94.91636657714844,148.23655700683594
2024-01-30,185.93533325195312,400.80255126953125,150.21844482421875,159.0,62.73564529418945,396.94500732421875,191.58999633789062,168.00814819335938,96.49937438964844,147.68772888183594
2024-01-31,182.3360595703125,390.00244140625,138.95156860351562,155.1999969482422,61.48941421508789,387.1022644042969,187.2899932861328,166.18763732910156,94.6218490600586,147.80865478515625
2024-02-01,184.76852416992188,396.08428955078125,140.0028839111328,159.27999877929688,62.988494873046875,391.7060852050781,188.86000061035156,165.58717346191406,94.23529815673828,147.30636596679688
2024-02-02,183.7698516845703,403.38250732421875,141.212890625,171.80999755859375,66.11959075927734,471.2915344238281,187.91000366210938,166.54031372070312,93.84874725341797,145.67852783203125
2024-02-05,185.579345703125,397.9185791015625,142.502197265625,170.30999755859375,69.2896499633789,455.8328857421875,181.05999755859375,166.32106018066406,93.46219635009766,144.92503356933594
2024-02-06,187.18121337890625,397.7616882324219,142.91879272460938,169.14999389648438,68.18132019042969,451.1793518066406,185.10000610351562,166.89297485351562,94.1064453125,147.0272979736328
2024-02-07,187.2899932861328,406.15850830078125,144.3469696044922,170.52999877929688,70.05616760253906,465.93359375,187.5800018310547,167.2074737548828,94.0788345336914,146.952880859375
2024-02-08,186.2122039794922,406.2173156738281,144.7139434814453,169.83999633789062,69.59844207763672,466.3403625488281,189.55999755859375,166.60704040527344,95.68946075439453,145.48318481445312
2024-02-09,186.97454833984375,412.53460693359375,147.7786102294922,174.4499969482422,72.08894348144531,464.465087890625,193.57000732421875,166.8071746826172,93.66468048095703,145.81805419921875
2024-02-12,185.2914276123047,407.3454895019531,146.32066345214844,172.33999633789062,72.20386505126953,465.2489013671875,188.1300048828125,167.5506134033203,94.95316314697266,146.83193969726562
2024-02-13,183.20237731933594,398.5758361816406,143.9502410888672,168.63999938964844,72.08394622802734,456.53729248046875,184.02000427246094,166.09231567382812,94.1357192993164,145.5482940673828
2024-02-14,182.3212127685547,402.42828369140625,144.74371337890625,170.97999572753906,73.85486602783203,469.5948791503906,188.7100067138672,167.7793731689453,93.67127227783203,144.8692626953125
2024-02-15,182.03408813476562,399.54876708984375,141.59967041015625,169.8000030517578,72.61361694335938,480.26116943359375,200.4499969482422,171.4393768310547,96.3558349609375,146.89706420898438
2024-02-16,180.49948120117188,397.0919189453125,139.36814880371094,169.50999450683594,72.5686264038086,469.63458251953125,199.9499969482422,170.63876342773438,96.3558349609375,146.72837829589844
2024-02-20,179.75694274902344,395.84381103515625,139.96319580078125,167.0800018310547,69.4095687866211,468.0767517089844,193.75999450683594,171.30593872070312,95.44549560546875,147.95619201660156
2024-02-21,180.50941467285156,395.2442932128906,141.38148498535156,168.58999633789062,67.43077850341797,464.87847900390625,194.77000427246094,172.42111206054688,97.39620971679688,148.7247314453125
2024-02-22,182.53903198242188,404.55096435546875,142.90884399414062,174.5800018310547,78.49002838134766,482.8565979003906,197.41000366210938,174.48941040039062,97.31260681152344,150.3837127685547
2024-02-23,180.70741271972656,403.2636413574219,142.77993774414062,174.99000549316406,78.76885223388672,480.7707214355469,191.97000122070312,175.3662872314453,96.45800018310547,151.6864776611328
2024-02-26,179.36090087890625,400.51190185546875,136.44232177734375,174.72999572753906,79.04368591308594,478.4961242675781,199.39999389648438,174.76583862304688,96.83885955810547,150.70233154296875
2024-02-27,180.8162841796875,400.452880859375,137.74156188964844,173.5399932861328,78.65291595458984,483.7703552246094,199.72999572753906,174.85157775878906,96.6344985961914,150.8804473876953
2024-02-28,179.61831665039062,400.68878173828125,135.26206970214844,173.16000366210938,77.61556243896484,480.7607421875,202.0399932861328,175.73800659179688,96.90389251708984,151.41468811035156
2024-02-29,178.95498657226562,406.5067138671875,137.3250274658203,176.75999450683594,79.06366729736328,486.82965087890625,201.8800048828125,177.33924865722656,97.08966064453125,151.25535583496094
2024-03-01,177.8758087158203,408.3345642089844,136.01583862304688,178.22000122070312,82.22872924804688,498.9176940917969,202.63999938964844,176.6053466796875,98.31582641601562,151.9489288330078
2024-03-04,173.36109924316406,407.7646789550781,132.2569122314453,177.5800018310547,85.18492126464844,494.8353271484375,188.13999938964844,177.93019104003906,96.94104766845703,149.81195068359375
2024-03-05,168.4305419921875,395.70623779296875,131.5824737548828,174.1199951171875,85.91551971435547,486.9190368652344,180.74000549316406,179.71253967285156,98.13004302978516,149.93377685546875
2024-03-06,167.4404754638672,395.15582275390625,130.3228759765625,173.50999450683594,88.64996337890625,492.74951171875,176.5399932861328,180.6466064453125,99.17971801757812,149.34332275390625
2024-03-07,167.32167053222656,402.0843505859375,133.27845764160156,176.82000732421875,92.6167221069336,508.7410888671875,178.64999389648438,179.06443786621094,99.73706817626953,148.90280151367188
2024-03-08,169.03448486328125,399.2146911621094,134.3000030517578,175.35000610351562,87.4786376953125,502.5431213378906,175.33999633789062,179.3980255126953,100.67526245117188,149.51205444335938
2024-03-11,171.03443908691406,397.5439453125,136.54147338867188,171.9600067138672,85.72563171386719,480.33367919921875,177.77000427246094,179.4647216796875,101.26976013183594,151.11476135253906
2024-03-12,171.5096893310547,408.1184387207031,137.36468505859375,175.38999938964844,91.86116790771484,496.3848876953125,177.5399932861328,180.9420928955078,100.6195297241211,152.530029296875
2024-03-13,169.43051147460938,407.9415283203125,138.6441192626953,176.55999755859375,90.83673095703125,492.2330322265625,169.47999572753906,182.40989685058594,101.74349975585938,150.99290466308594
2024-03-14,171.28195190429688,417.8869934082031,141.92697143554688,178.75,87.89439392089844,488.5181884765625,162.5,179.1597442626953,103.54559326171875,149.22149658203125
2024-03-15,170.9057159423828,409.23876953125,140.02272033691406,174.4199981689453,87.78746032714844,480.84027099609375,163.57000732421875,181.38050842285156,103.35980224609375,148.25611877441406
2024-03-18,171.9947967529297,410.1231994628906,146.46942138671875,174.47999572753906,88.40511322021484,493.6335144042969,173.8000030517578,183.62991333007812,104.31658935546875,146.92518615722656
2024-03-19,174.3313751220703,414.1427001953125,145.82476806640625,175.89999389648438,89.34758758544922,492.89849853515625,171.32000732421875,184.7069549560547,105.05042266845703,146.40968322753906
2024-03-20,176.8956298828125,417.89678955078125,147.52073669433594,178.14999389648438,90.32102966308594,502.1159973144531,175.66000366210938,187.1278839111328,104.95755004882812,145.98793029785156
2024-03-21,169.66812133789062,421.96539306640625,146.3900909423828,178.14999389648438,91.38341522216797,504.3409423828125,172.82000732421875,189.7299346923828,105.4219970703125,145.97853088378906
2024-03-22,170.56910705566406,421.3462829589844,149.5341033935547,178.8699951171875,94.2358169555664,506.148681640625,170.8300018310547,187.40431213378906,105.4219970703125,145.4911651611328
2024-03-25,169.15330505371094,415.5676574707031,148.83985900878906,179.7100067138672,94.94841003417969,499.63287353515625,172.6300048828125,185.68869018554688,106.49952697753906,145.4818115234375
2024-03-26,168.02462768554688,414.3785400390625,149.43492126464844,178.3000030517578,92.50879669189453,492.5508728027344,177.6699981689453,186.55601501464844,105.70067596435547,145.99729919433594
2024-03-27,171.58889770507812,414.1623229980469,149.63328552246094,179.8300018310547,90.1990966796875,490.5345153808594,179.8300018310547,190.1683807373047,106.7967758178711,148.0499267578125
2024-03-28,169.7770233154297,413.4645690917969,149.69277954101562,180.3800048828125,90.3050308227539,482.3102722167969,175.7899932861328,190.91183471679688,107.97648620605469,148.26548767089844
2024-04-01,168.3414306640625,417.24822998046875,154.2154083251953,180.97000122070312,90.31202697753906,488.0414123535156,175.22000122070312,189.6155548095703,108.67317199707031,147.88119506835938
2024-04-02,167.1632537841797,414.17218017578125,153.29302978515625,180.69000244140625,89.40155029296875,494.0209045410156,166.6300048828125,189.53933715820312,110.80038452148438,147.83433532714844
2024-04-03,167.9652099609375,413.19921875,153.65008544921875,182.41000366210938,88.91382598876953,503.32781982421875,168.3800048828125,189.00555419921875,110.81896209716797,144.58204650878906
2024-04-04,167.14344787597656,410.6736145019531,149.2960662841797,180.0,85.85653686523438,507.47967529296875,171.11000061035156,187.56752014160156,111.2091064453125,142.93246459960938
2024-04-05,167.89588928222656,418.1817932128906,151.24990844726562,185.07000732421875,87.9583740234375,523.7890625,164.89999389648438,189.2931671142578,112.74180603027344,142.829345703125
2024-04-08,166.7771453857422,417.26788330078125,153.58065795898438,185.19000244140625,87.08385467529297,515.7535400390625,172.97999572753906,190.28060913085938,111.98011016845703,142.0795440673828
2024-04-09,167.9850311279297,418.9286804199219,155.31631469726562,185.6699981689453,85.30584716796875,513.4193725585938,176.8800048828125,189.00555419921875,112.56531524658203,142.73561096191406
2024-04-10,166.11380004882812,415.96075439453125,154.86007690429688,185.9499969482422,86.98990631103516,516.3296508789062,171.75999450683594,187.39495849609375,113.5127944946289,140.7767791748047
2024-04-11,173.30166625976562,420.55023193359375,158.10328674316406,189.0500030517578,90.56488800048828,519.63720703125,174.60000610351562,187.35659790039062,113.13194274902344,139.45521545410156
2024-04-12,174.79669189453125,414.6242370605469,156.4370574951172,186.1300048828125,88.13626861572266,508.45306396484375,171.0500030517578,175.23878479003906,111.8128890991211,138.264892578125
2024-04-15,170.97503662109375,406.5067138671875,153.590576171875,183.6199951171875,85.9524917602539,496.8616638183594,161.47999572753906,175.3346710205078,111.17193603515625,138.3304901123047
2024-04-16,167.69790649414062,407.43048095703125,153.13430786132812,183.32000732421875,87.3656997680664,496.3948059082031,157.11000061035156,173.3309783935547,110.25232696533203,135.38748168945312
2024-04-17,166.33160400390625,404.7377014160156,154.19557189941406,181.27999877929688,83.98759460449219,490.8423767089844,155.4499969482422,172.64071655273438,110.19659423828125,135.68743896484375
2024-04-18,165.38111877441406,397.2982482910156,154.73114013671875,179.22000122070312,84.62323760986328,498.4210510253906,149.92999267578125,173.76239013671875,110.09441375732422,136.59658813476562
2024-04-19,163.36138916015625,392.237060546875,152.82687377929688,174.6300048828125,76.15702819824219,477.8306884765625,147.0500030517578,178.1244354248047,111.35771179199219,138.6304168701172
2024-04-22,164.1930694580078,394.0453796386719,154.9989471435547,177.22999572753906,79.47315216064453,478.4862365722656,142.0500030517578,181.58529663085938,111.9893798828125,139.7645263671875
2024-04-23,165.2425079345703,400.5414123535156,156.96270751953125,179.5399932861328,82.37651062011719,492.7594909667969,144.67999267578125,184.20252990722656,112.42597961425781,140.17691040039062
2024-04-24,167.3414764404297,402.0056457519531,157.82559204101562,176.58999633789062,79.63206481933594,490.17694091796875,162.1300048828125,185.10369873046875,112.4445571899414,139.21151733398438
2024-04-25,168.20285034179688,392.1584777832031,154.7212371826172,173.6699981689453,82.58538818359375,438.4079284667969,170.17999267578125,185.3817138671875,112.70465087890625,137.6088104248047
2024-04-26,167.61868286132812,399.31292724609375,170.5404815673828,179.6199951171875,87.68553161621094,440.3050537109375,168.2899932861328,185.49676513671875,109.57421875,136.9714813232422
2024-04-29,171.7769775390625,395.3131103515625,164.7880096435547,180.9600067138672,87.70751190185547,429.7068786621094,194.0500030517578,185.29542541503906,111.13478088378906,137.6088104248047
2024-04-30,168.63845825195312,382.6158752441406,161.44566345214844,175.0,86.353271484375,427.2734375,183.27999877929688,183.8190460205078,109.8621826171875,135.5187225341797
2024-05-01,167.61868286132812,388.1291809082031,162.5167999267578,179.0,82.99414825439453,436.2326354980469,179.99000549316406,183.93409729003906,107.78141784667969,141.69528198242188
2024-05-02,171.3116455078125,390.97918701171875,165.25416564941406,184.72000122070312,85.76859283447266,438.7059020996094,180.00999450683594,183.74237060546875,107.97648620605469,140.51429748535156
2024-05-03,181.55885314941406,399.6470642089844,165.8690948486328,186.2100067138672,88.7389144897461,448.9166564941406,181.19000244140625,182.63986206054688,107.75355529785156,139.90509033203125
2024-05-06,179.90545654296875,406.4084167480469,166.72206115722656,188.6999969482422,92.08802795410156,462.54425048828125,184.75999450683594,184.06829833984375,108.45022583007812,139.25839233398438
2024-05-07,180.5885772705078,402.2808532714844,169.84622192382812,188.75999450683594,90.5029296875,465.08709716796875,177.80999755859375,183.82862854003906,107.9114761352539,139.3896026611328
2024-05-08,180.92520141601562,403.4601745605469,167.99156188964844,188.0,90.36102294921875,469.4176940917969,174.72000122070312,187.56752014160156,107.89289093017578,139.60519409179688
2024-05-09,182.73707580566406,405.2094421386719,168.56680297851562,189.5,88.69696044921875,472.2187194824219,171.97000122070312,189.34109497070312,110.02009582519531,140.44873046875
2024-05-10,181.47796630859375,407.5876770019531,167.26756286621094,187.47999572753906,89.82730865478516,472.9934997558594,168.47000122070312,190.55860900878906,109.57421875,140.5049591064453
2024-05-13,184.68019104003906,406.5852966308594,167.75352478027344,186.57000732421875,90.34803009033203,464.8586120605469,171.88999938964844,190.5203094482422,109.52777862548828,141.73277282714844
2024-05-14,185.82032775878906,409.3763427734375,168.94369506835938,187.07000732421875,91.30448150634766,468.67266845703125,177.5500030517578,193.18545532226562,110.1926498413086,141.88272094726562
2024-05-15,188.0906524658203,416.5338134765625,171.09588623046875,185.99000549316406,94.57662963867188,478.2975158691406,173.99000549316406,193.7606658935547,111.0448226928711,143.091796875
2024-05-16,188.2096405029297,414.4761962890625,172.75218200683594,183.6300048828125,94.30577850341797,470.04345703125,174.83999633789062,194.1057891845703,110.37995147705078,144.60076904296875
2024-05-17,188.23936462402344,413.708251953125,174.61680603027344,184.6999969482422,92.42684173583984,468.73236083984375,177.4600067138672,196.32994079589844,112.0374755859375,144.93820190429688
2024-05-20,189.3993377685547,418.7588806152344,175.4697265625,183.5399932861328,94.72655487060547,465.6830139160156,174.9499969482422,187.50042724609375,111.12910461425781,142.92568969726562
2024-05-21,190.69810485839844,422.4016418457031,176.39212036132812,183.14999389648438,95.33219909667969,461.5013732910156,186.60000610351562,191.27767944335938,110.36122131347656,142.89732360839844
2024-05-22,189.26052856445312,423.8586730957031,174.93418884277344,183.1300048828125,94.89645385742188,464.63018798828125,180.11000061035156,190.11764526367188,108.14183044433594,145.03269958496094
2024-05-23,185.27505493164062,420.3931884765625,172.1273651123047,181.0500030517578,103.74047088623047,462.6435852050781,173.74000549316406,188.7850341796875,106.2969970703125,141.44232177734375
2024-05-24,188.34844970703125,423.5043029785156,173.55555725097656,180.75,106.4089584350586,474.9998474121094,179.24000549316406,192.4185028076172,106.21271514892578,138.86288452148438
2024-05-28,188.3583526611328,423.6618347167969,174.9539794921875,182.14999389648438,113.83676147460938,476.68841552734375,176.75,191.2584686279297,107.56122589111328,136.415771484375
2024-05-29,188.65577697753906,422.5296325683594,174.45809936523438,182.02000427246094,114.7602310180664,471.1658020019531,176.19000244140625,189.9259033203125,106.40936279296875,136.4724578857422
2024-05-30,189.64720153808594,408.25396728515625,170.6991729736328,179.32000732421875,110.43767547607422,463.905029296875,178.7899932861328,191.09552001953125,106.74649810791016,137.26611328125
2024-05-31,190.5989532470703,408.70684814453125,171.0859832763672,176.44000244140625,109.5711669921875,463.6864929199219,178.0800018310547,194.25917053222656,109.80870819091797,138.57943725585938
2024-06-03,192.36367797851562,407.1217346191406,171.75048828125,178.33999633789062,114.93513488769531,474.2747802734375,176.2899932861328,193.48265075683594,107.1772689819336,139.59042358398438
2024-06-04,192.68092346191406,409.6322937011719,172.36538696289062,179.33999633789062,116.37133026123047,473.7781066894531,174.77000427246094,190.93252563476562,105.5103759765625,139.64710998535156
2024-06-05,194.18788146972656,417.449462890625,173.97213745117188,181.27999877929688,122.3709487915039,491.7264404296875,175.0,189.1110076904297,105.93179321289062,137.9180450439453
2024-06-06,192.80978393554688,417.9515380859375,175.28128051757812,185.0,120.92975616455078,490.4351806640625,177.94000244140625,188.77549743652344,106.72777557373047,138.3432159423828
2024-06-07,195.1990966796875,417.29193115234375,173.02993774414062,184.3000030517578,120.81981658935547,489.6405944824219,177.47999572753906,191.6898651123047,105.58529663085938,138.96681213378906
2024-06-10,191.4614715576172,421.2497253417969,173.77459716796875,187.05999755859375,121.72130584716797,499.2156982421875,173.7899932861328,191.36392211914062,105.89432525634766,139.01405334472656
2024-06-11,205.3709716796875,425.9853210449219,175.3732452392578,187.22999572753906,120.85173034667969,504.05291748046875,170.66000366210938,186.33082580566406,105.04216003417969,138.66445922851562
2024-06-12,211.2401580810547,434.23565673828125,176.5349884033203,186.88999938964844,125.13966369628906,505.41363525390625,177.2899932861328,183.6177215576172,103.8809585571289,137.38893127441406
2024-06-13,212.40011596679688,434.74761962890625,173.9235382080078,183.8300018310547,129.5475311279297,500.7055969238281,182.47000122070312,185.65972900390625,103.0475082397461,137.42672729492188
2024-06-14,210.66513061523438,435.7223205566406,175.54205322265625,183.66000366210938,131.8164520263672,501.2623291015625,178.00999450683594,185.77479553222656,102.17659759521484,137.51173400878906
2024-06-17,214.80921936035156,441.4324951171875,175.98887634277344,184.05999755859375,130.9168701171875,503.7181701660156,187.44000244140625,186.92520141601562,101.4742660522461,137.89915466308594
2024-06-18,212.4496612548828,439.43402099609375,173.85401916503906,182.80999755859375,135.51466369628906,496.61920166015625,184.86000061035156,188.8617706298828,102.42945098876953,137.61570739746094
2024-06-20,207.87924194335938,438.8038635253906,175.05551147460938,186.10000610351562,130.71697998046875,498.8165283203125,181.57000732421875,190.46275329589844,104.63947296142578,139.6282196044922
2024-06-21,205.70806884765625,442.8207092285156,178.36199951171875,189.0800018310547,126.50900268554688,491.936279296875,183.00999450683594,188.190673828125,103.72175598144531,140.54470825195312
2024-06-24,206.35247802734375,440.7434387207031,177.9548797607422,185.57000732421875,118.0530776977539,496.0425109863281,182.5800018310547,190.66412353515625,106.80268859863281,140.894287109375
2024-06-25,207.2744903564453,443.9726257324219,182.73095703125,186.33999633789062,126.02923583984375,507.6653747558594,187.35000610351562,189.88755798339844,107.10235595703125,139.07077026367188
2024-06-26,211.41859436035156,445.1639099121094,182.58200073242188,193.61000061035156,126.3390884399414,510.1708068847656,196.3699951171875,189.27398681640625,107.13980865478516,138.72117614746094
2024-06-27,212.26129150390625,445.8432312011719,184.10121154785156,197.85000610351562,123.93024444580078,516.5739135742188,197.4199981689453,190.94212341308594,107.59868621826172,137.7574462890625
2024-06-28,208.8111572265625,440.0345458984375,180.86419677734375,193.25,123.48046112060547,501.3220520019531,197.8800048828125,193.9044647216797,107.80469512939453,138.09756469726562
2024-07-01,214.88851928710938,449.6632080078125,181.6982879638672,197.1999969482422,124.24009704589844,501.7793273925781,209.86000061035156,196.96270751953125,107.65486145019531,138.36212158203125
2024-07-02,218.3782958984375,452.17376708984375,183.93240356445312,200.0,122.61087799072266,506.5716857910156,231.25999450683594,200.2030487060547,106.9244384765625,137.97474670410156
2024-07-03,219.6473388671875,453.6407165527344,184.50833129882812,197.58999633789062,128.21817016601562,507.029052734375,246.38999938964844,200.06881713867188,107.46757507324219,137.65350341796875
2024-07-05,224.39617919921875,460.3255920410156,189.2545623779297,200.0,125.76936340332031,536.8069458007812,251.52000427246094,197.41783142089844,106.16590118408203,138.39990234375
2024-07-08,225.86349487304688,459.0260314941406,187.69564819335938,199.2899932861328,128.13821411132812,526.27783203125,252.94000244140625,197.78414916992188,105.05152130126953,137.45506286621094
2024-07-09,226.71604919433594,452.4296875,187.64601135253906,199.33999633789062,131.3166961669922,526.9539184570312,262.3299865722656,200.15557861328125,103.89031219482422,138.9384765625
2024-07-10,230.97914123535156,459.0359191894531,189.8304443359375,199.7899932861328,134.84498596191406,531.616943359375,263.260009765625,200.3194580078125,104.80804443359375,141.1872100830078
2024-07-11,225.61563110351562,447.6646423339844,184.26010131835938,195.0500030517578,127.33860778808594,509.7533264160156,241.02999877929688,199.98207092285156,106.05351257324219,141.44232177734375
2024-07-12,228.56008911132812,446.53240966796875,183.76361083984375,194.49000549316406,129.17771911621094,496.00274658203125,248.22999572753906,197.5624237060547,106.07225036621094,141.61236572265625
2024-07-15,232.386962890625,446.9360046386719,185.21327209472656,192.72000122070312,128.3780975341797,493.30828857421875,252.63999938964844,202.48846435546875,107.88897705078125,141.00767517089844
2024-07-16,232.80335998535156,442.5647277832031,182.6217041015625,193.02000427246094,126.29910278320312,486.9749755859375,256.55999755859375,205.92994689941406,108.6662368774414,142.6800537109375
2024-07-17,226.91436767578125,436.6575927734375,179.7421875,187.92999267578125,117.9331283569336,459.334716796875,248.5,209.06295776367188,110.16455841064453,147.94277954101562
2024-07-18,222.2547149658203,433.55633544921875,176.4357147216797,183.75,121.03164672851562,473.1151123046875,249.22999572753906,202.42098999023438,111.25086212158203,146.84677124023438
2024-07-19,222.38360595703125,430.3468017578125,176.40589904785156,183.1300048828125,117.87316131591797,474.0496826171875,239.1999969482422,202.2281951904297,108.6943359375,146.15704345703125
2024-07-22,222.03663635253906,436.0865478515625,180.38758850097656,182.5500030517578,123.48046112060547,484.59869384765625,251.50999450683594,202.710205078125,107.94515991210938,145.7318878173828
2024-07-23,223.0775909423828,437.9670104980469,180.50674438476562,186.41000366210938,122.53092193603516,485.88128662109375,246.3800048828125,202.75840759277344,106.203369140625,143.94610595703125
2024-07-24,216.6631622314453,422.2638244628906,171.4114227294922,180.8300018310547,114.19493865966797,458.6188659667969,215.99000549316406,201.08103942871094,107.70169067382812,147.65933227539062
2024-07-25,215.6221923828125,411.92626953125,166.09918212890625,179.85000610351562,112.22588348388672,450.8040771484375,220.25,201.15814208984375,109.96790313720703,150.83396911621094
2024-07-26,216.08816528320312,418.68994140625,165.8211669921875,182.5,113.00550842285156,463.0234680175781,219.8000030517578,204.5996551513672,109.874267578125,151.77880859375
2024-07-29,216.3657684326172,420.12738037109375,168.33328247070312,183.1999969482422,111.53620910644531,463.0333251953125,232.10000610351562,203.2596893310547,108.72242736816406,149.81356811523438
2024-07-30,216.92091369628906,416.3763732910156,169.08792114257812,181.7100067138672,103.68000030517578,460.5278625488281,222.6199951171875,207.4434356689453,110.66088104248047,152.4307403564453
2024-07-31,220.1727752685547,411.8770751953125,170.3291015625,186.97999572753906,116.96359252929688,472.1009216308594,232.07000732421875,205.13949584960938,111.05420684814453,149.14273071289062
2024-08-01,216.48471069335938,410.6562194824219,169.55462646484375,184.07000732421875,109.15736389160156,494.8792419433594,216.86000061035156,200.47372436523438,109.51840209960938,151.89219665527344
2024-08-02,217.97183227539062,402.16961669921875,165.48355102539062,167.89999389648438,107.21829986572266,485.33447265625,207.6699981689453,191.97122192382812,109.4528579711914,155.08575439453125
2024-08-05,207.47279357910156,389.0359802246094,158.1258544921875,161.02000427246094,100.4015884399414,472.9957580566406,198.8800048828125,187.88385009765625,107.47693634033203,152.3551788330078
2024-08-06,205.45030212402344,393.4270324707031,157.17262268066406,161.92999267578125,104.19976806640625,491.2502746582031,200.63999938964844,193.12802124023438,106.90570068359375,150.20095825195312
2024-08-07,208.01805114746094,392.2652282714844,157.81805419921875,162.77000427246094,98.86233520507812,486.1099548339844,191.75999450683594,193.1858673095703,108.32910919189453,150.1348114013672
2024-08-08,211.47808837890625,396.4593505859375,160.88623046875,165.8000030517578,104.91940307617188,506.700927734375,198.83999633789062,196.714111328125,110.398681640625,151.38198852539062
2024-08-09,214.3829345703125,399.73779296875,162.5146484375,166.94000244140625,104.69952392578125,514.7941284179688,200.0,198.3914794921875,111.29766082763672,151.7599334716797
2024-08-12,215.91148376464844,400.5155944824219,161.1444091796875,166.8000030517578,108.96746063232422,512.984619140625,197.49000549316406,198.76744079589844,111.43814086914062,151.06076049804688
2024-08-13,219.62364196777344,407.6041564941406,163.00119018554688,170.22999572753906,116.08402252197266,525.5022583007812,207.8300018310547,200.45443725585938,110.3705825805664,149.65293884277344
2024-08-14,220.07028198242188,410.41009521484375,159.23794555664062,170.10000610351562,118.0230941772461,523.732421875,201.3800048828125,202.67161560058594,111.39131164550781,149.7379608154297
2024-08-15,223.0479736328125,415.2626953125,160.16139221191406,177.58999633789062,122.80079650878906,534.2417602539062,214.13999938964844,203.93447875976562,112.08043670654297,150.31431579589844
2024-08-16,224.36807250976562,412.73779296875,161.8096923828125,177.05999755859375,124.51995849609375,524.388671875,216.1199951171875,206.26736450195312,111.55178833007812,150.59776306152344
2024-08-19,224.20925903320312,415.7558288574219,165.49346923828125,178.22000122070312,129.93736267089844,526.238037109375,222.72000122070312,207.694091796875,111.89163970947266,150.82455444335938
2024-08-20,224.82464599609375,418.9809875488281,165.9998779296875,178.8800048828125,127.18868255615234,523.7026977539062,221.10000610351562,206.79757690429688,108.1628646850586,151.3253173828125
2024-08-21,224.71546936035156,418.330078125,164.6792755126953,180.11000061035156,128.4380645751953,532.0841674804688,223.27000427246094,206.8746795654297,107.4737319946289,152.52523803710938
2024-08-22,222.85939025878906,409.85772705078125,162.64373779296875,176.1300048828125,123.68035888671875,528.8727416992188,210.66000366210938,208.83160400390625,108.30445098876953,153.39451599121094
2024-08-23,225.15219116210938,411.080810546875,164.4508819580078,177.0399932861328,129.30764770507812,524.96533203125,220.32000732421875,210.45114135742188,109.805419921875,155.07630920410156
2024-08-26,225.4896697998047,407.8259582519531,164.98707580566406,175.5,126.39905548095703,518.1249389648438,213.2100067138672,211.28018188476562,112.15596008300781,155.52984619140625
2024-08-27,226.33334350585938,408.17120361328125,163.51751708984375,173.1199951171875,128.23817443847656,516.116455078125,209.2100067138672,212.25381469726562,111.08924102783203,155.12998962402344
2024-08-28,224.80479431152344,404.9755859375,161.700439453125,170.8000030517578,125.54946899414062,513.8098754882812,205.75,213.3238525390625,109.99420928955078,156.0534210205078
2024-08-29,228.0802459716797,407.4610595703125,160.63800048828125,172.1199951171875,117.5333251953125,515.2415161132812,206.27999877929688,214.2107391357422,111.5140380859375,156.3485565185547
2024-08-30,227.29611206054688,411.4259948730469,162.22671508789062,178.5,119.3124771118164,518.313720703125,214.11000061035156,216.70750427246094,111.3346939086914,157.90032958984375
2024-09-03,221.1124725341797,403.83148193359375,156.24920654296875,176.25,107.94795227050781,508.8186950683594,210.60000610351562,212.36949157714844,109.00300598144531,159.13795471191406
2024-09-04,219.20675659179688,403.2988586425781,155.3456268310547,173.3300018310547,106.1588134765625,509.7930603027344,219.41000366210938,211.43441772460938,107.6719741821289,159.32835388183594
2024-09-05,220.72540283203125,402.7958679199219,156.13006591796875,177.88999938964844,107.15833282470703,513.889404296875,230.1699981689453,209.7956085205078,106.83181762695312,157.0720977783203
2024-09-06,219.17698669433594,396.19744873046875,149.85467529296875,171.38999938964844,102.78044128417969,497.39471435546875,210.72999572753906,204.8117218017578,106.33151245117188,156.49136352539062
2024-09-09,219.26634216308594,400.1624450683594,147.856201171875,175.39999389648438,106.41869354248047,501.88873291015625,216.27000427246094,209.005126953125,108.56877136230469,158.61434936523438
2024-09-10,218.47227478027344,408.5262756347656,147.80650329589844,179.5500030517578,108.04789733886719,501.88873291015625,226.1699981689453,198.1601104736328,104.61344146728516,159.34738159179688
2024-09-11,221.00331115722656,417.24517822265625,150.29214477539062,184.52000427246094,116.8536605834961,508.8883361816406,228.1300048828125,199.7699737548828,103.57504272460938,156.91026306152344
2024-09-12,221.1124725341797,421.15093994140625,153.8018798828125,187.0,119.09276580810547,522.5791015625,229.80999755859375,199.1626739501953,105.00048065185547,156.73887634277344
2024-09-13,220.844482421875,424.69171142578125,156.5559844970703,186.49000549316406,119.05278015136719,521.6047973632812,230.2899932861328,196.9647674560547,104.9249496459961,157.57666015625
2024-09-16,214.71046447753906,425.4314270019531,157.15252685546875,184.88999938964844,116.73370361328125,530.7208251953125,226.77999877929688,200.37730407714844,106.39759063720703,158.97610473632812
2024-09-17,215.17697143554688,429.1892395019531,158.40530395507812,186.8800048828125,115.54417419433594,533.7462158203125,227.8699951171875,201.71726989746094,107.78526306152344,159.05224609375
2024-09-18,219.04795837402344,424.90875244140625,158.89248657226562,186.42999267578125,113.32505798339844,535.3685302734375,227.1999969482422,200.05917358398438,108.1628646850586,158.17642211914062
2024-09-19,227.16708374023438,432.6807861328125,161.2091064453125,189.8699951171875,117.82327270507812,556.4169921875,243.9199981689453,202.9029998779297,109.50332641601562,156.91026306152344
2024-09-20,226.5020751953125,429.3076477050781,162.65078735351562,191.60000610351562,115.95401000976562,558.6561279296875,238.25,203.49102783203125,108.81421661376953,156.28192138671875
2024-09-23,224.78494262695312,427.5718078613281,160.92076110839844,193.8800048828125,116.21391296386719,561.701416015625,250.0,203.82846069335938,110.78716278076172,155.38702392578125
2024-09-24,225.67823791503906,423.29119873046875,161.3582305908203,193.9600067138672,120.82209014892578,560.6266479492188,254.27000427246094,203.9730224609375,110.49452209472656,154.96815490722656
2024-09-25,224.68568420410156,426.19091796875,160.56285095214844,192.52999877929688,123.4610366821289,565.5826416015625,257.0199890136719,202.62342834472656,108.34221649169922,152.8927764892578
2024-09-26,225.82713317871094,425.4018859863281,161.7957000732422,191.16000366210938,123.9908218383789,565.1149291992188,254.22000122070312,202.2281951904297,106.48255157470703,153.6448516845703
2024-09-27,226.0951385498047,422.15692138671875,163.0087127685547,187.97000122070312,121.35187530517578,564.6372680664062,260.4599914550781,202.92227172851562,109.33341217041016,153.6543731689453
2024-09-30,231.26637268066406,424.40570068359375,164.89779663085938,186.3300018310547,121.39185333251953,569.6929321289062,261.6300048828125,203.26931762695312,110.6550064086914,154.28269958496094
2024-10-01,224.52688598632812,414.9273376464844,166.03126525878906,185.1300048828125,116.95361328125,573.7034912109375,258.0199890136719,199.58682250976562,113.2132339477539,154.21607971191406
2024-10-02,225.09263610839844,411.4161376953125,164.90773010253906,184.75999450683594,118.80288696289062,570.0611572265625,249.02000427246094,199.82785034179688,114.71417999267578,153.4354248046875
2024-10-03,223.99087524414062,410.83416748046875,164.90773010253906,181.9600067138672,122.80130004882812,579.9732666015625,240.66000366210938,197.84197998046875,115.71481323242188,152.79757690429688
2024-10-04,225.1125030517578,410.36077880859375,166.10086059570312,186.50999450683594,124.8704833984375,593.0801391601562,250.0800018310547,204.8641357421875,117.83879852294922,152.59764099121094
2024-10-07,220.04051208496094,403.9301452636719,162.04425048828125,180.8000030517578,127.66937255859375,581.9736938476562,240.8300018310547,204.5828399658203,118.34854888916016,151.87411499023438
2024-10-08,224.0901641845703,409.0292663574219,163.4362335205078,182.72000122070312,132.83731079101562,590.0447387695312,244.5,204.4082794189453,115.2050552368164,152.0264434814453
2024-10-09,227.8321075439453,411.7416076660156,160.9307098388672,185.1699981689453,132.597412109375,587.6761474609375,241.0500030517578,206.9979248046875,115.25224304199219,152.94036865234375
2024-10-10,227.3358154296875,410.1437683105469,161.14944458007812,186.64999389648438,134.75656127929688,581.0281982421875,238.77000427246094,206.43536376953125,116.24344635009766,152.80706787109375
2024-10-11,225.8568878173828,410.61724853515625,162.3027801513672,188.82000732421875,134.74656677246094,587.118896484375,217.8000030517578,215.60101318359375,116.6871337890625,153.7115020751953
2024-10-14,229.57901000976562,413.3985900878906,164.01292419433594,187.5399932861328,138.01527404785156,587.5865478515625,219.16000366210938,214.8153839111328,117.13081359863281,153.84478759765625
2024-10-15,232.1100311279297,413.0040588378906,164.51004028320312,187.69000244140625,131.54783630371094,583.4564819335938,219.57000732421875,215.69801330566406,113.60971069335938,156.2248077392578
2024-10-16,230.055419921875,410.4199523925781,164.21177673339844,186.88999938964844,135.6661834716797,574.0220336914062,221.3300018310547,216.910400390625,113.90234375,156.39614868164062
2024-10-17,230.42269897460938,411.0117492675781,161.99453735351562,187.52999877929688,136.87571716308594,574.1613159179688,220.88999938964844,217.6669158935547,113.60971069335938,156.57705688476562
2024-10-18,233.25144958496094,412.4320373535156,162.48175048828125,188.99000549316406,137.94529724121094,573.7034912109375,220.6999969482422,218.58834838867188,113.28875732421875,157.1958465576172
2024-10-21,234.720458984375,413.04351806640625,163.12803649902344,189.07000732421875,143.6530303955078,572.39990234375,218.85000610351562,216.28965759277344,113.35482788085938,155.01573181152344
2024-10-22,234.1051025390625,421.6539611816406,164.19186401367188,189.6999969482422,143.5330810546875,579.2169189453125,217.97000122070312,217.37594604492188,113.94010162353516,155.6060028076172
2024-10-23,229.04302978515625,418.7838134765625,161.8454132080078,184.7100067138672,139.50466918945312,560.9849243164062,213.64999389648438,216.68731689453125,113.53418731689453,157.90032958984375
2024-10-24,228.85446166992188,418.91204833984375,161.78578186035156,186.3800048828125,140.35433959960938,565.0552978515625,260.4800109863281,218.2100830078125,112.89227294921875,155.8154296875
2024-10-25,229.68820190429688,422.2851257324219,164.32113647460938,187.8300018310547,141.48388671875,570.4989624023438,269.19000244140625,215.62039184570312,112.7978744506836,153.15933227539062
2024-10-28,231.66339111328125,420.7465515136719,165.76278686523438,188.38999938964844,140.4643096923828,575.3854370117188,262.510009765625,218.71441650390625,112.24092102050781,153.84478759765625
2024-10-29,231.93138122558594,426.0331115722656,168.70578002929688,190.8300018310547,141.19400024414062,590.4329223632812,259.5199890136719,216.19264221191406,110.71163177490234,152.40724182128906
2024-10-30,228.38792419433594,426.6051940917969,173.45834350585938,192.72999572753906,139.28475952148438,588.9599609375,257.54998779296875,217.6572265625,110.1546859741211,152.90228271484375
2024-10-31,224.2291259765625,400.7837829589844,170.12759399414062,186.39999389648438,132.70736694335938,564.856201171875,249.85000610351562,215.2421417236328,110.23963928222656,152.1883087158203
2024-11-01,221.25143432617188,404.74871826171875,170.30654907226562,197.92999267578125,135.34632873535156,564.4381713867188,248.97999572753906,216.2314453125,108.51213836669922,152.4453125
2024-11-04,220.3581085205078,402.8648681640625,168.26834106445312,195.77999877929688,135.99606323242188,557.9893798828125,242.83999633789062,213.16656494140625,111.96715545654297,150.64602661132812
2024-11-05,221.7873992919922,405.8237609863281,168.76547241210938,199.5,139.8545379638672,569.6829223632812,251.44000244140625,214.8250732421875,112.29755401611328,150.75076293945312
2024-11-06,221.06285095214844,414.4243469238281,175.49658203125,207.08999633789062,145.5522918701172,569.3047485351562,288.5299987792969,239.6256561279297,114.22330474853516,150.30331420898438
2024-11-07,225.7874298095703,419.6024169921875,179.71224975585938,210.0500030517578,148.8209991455078,588.8605346679688,296.9100036621094,229.26702880859375,114.36491394042969,149.20849609375
2024-11-08,225.5191650390625,416.75201416015625,177.32601928710938,208.17999267578125,147.5714569091797,586.5119018554688,321.2200012207031,229.84896850585938,114.3271484375,148.0089569091797
2024-11-11,222.80645751953125,412.2840881347656,179.31454467773438,206.83999633789062,145.20240783691406,580.3713989257812,350.0,232.08944702148438,113.72298431396484,147.59959411621094
2024-11-12,222.80645751953125,417.2353515625,180.57725524902344,208.91000366210938,148.23118591308594,582.0134887695312,328.489990234375,232.35133361816406,113.60971069335938,145.3147735595703
2024-11-13,223.69081115722656,419.3755798339844,177.8529815673828,214.10000610351562,146.21202087402344,577.2166137695312,330.239990234375,233.90321350097656,114.66697692871094,145.88597106933594
2024-11-14,226.77114868164062,421.04241943359375,174.57192993164062,211.47999572753906,146.70181274414062,574.3902587890625,311.17999267578125,234.59182739257812,114.74311065673828,144.5817108154297
2024-11-15,223.57156372070312,409.3152770996094,171.4996795654297,202.61000061035156,141.92369079589844,551.4210815429688,320.7200012207031,237.92832946777344,113.55343627929688,146.60948181152344
2024-11-18,226.57241821289062,410.0649108886719,174.2935333251953,201.6999969482422,140.09442138671875,551.739501953125,338.739990234375,237.65670776367188,114.50518035888672,147.34255981445312
2024-11-19,226.83074951171875,412.06707763671875,177.0973358154297,204.61000061035156,146.95172119140625,558.3973999023438,346.0,235.7751007080078,112.90624237060547,145.65750122070312
2024-11-20,227.5461883544922,409.798583984375,174.9696044921875,202.8800048828125,145.83216857910156,562.8060913085938,342.0299987792969,233.53463745117188,114.51470184326172,145.76220703125
2024-11-21,227.0692596435547,408.0295715332031,166.66757202148438,198.3800048828125,146.6118621826172,560.3878173828125,339.6400146484375,237.39486694335938,116.0470199584961,148.0375213623047
2024-11-22,228.41065979003906,412.1111755371094,163.81405639648438,197.1199951171875,141.8937225341797,556.4566650390625,352.55999755859375,241.07081604003906,115.91377258300781,147.72337341308594
2024-11-25,231.39163208007812,413.8801574707031,166.68743896484375,201.4499969482422,135.96607971191406,562.3980712890625,338.5899963378906,242.7584686279297,114.18158721923828,148.30409240722656
2024-11-26,233.56771850585938,422.9722595214844,168.14901733398438,207.86000061035156,136.86572265625,570.7875366210938,338.2300109863281,242.44808959960938,112.27808380126953,148.28488159179688
2024-11-27,233.43853759765625,418.03094482421875,168.2583770751953,205.74000549316406,135.2863311767578,566.4683837890625,332.8900146484375,242.27349853515625,111.98304748535156,149.12937927246094
2024-11-29,235.8233184814453,418.4954528808594,167.97999572753906,207.88999938964844,138.19520568847656,571.5639038085938,345.1600036621094,242.2056121826172,112.26856231689453,148.755126953125
2024-12-02,238.06895446777344,425.9272766113281,170.50543212890625,210.7100067138672,138.57504272460938,589.9850463867188,357.0899963378906,238.84002685546875,112.16387176513672,148.5535888671875
2024-12-03,241.10952758789062,426.14471435546875,170.35626220703125,213.44000244140625,140.20440673828125,610.7051391601562,351.4200134277344,237.4530487060547,111.99254608154297,146.21205139160156
2024-12-04,241.46725463867188,432.291748046875,173.3688507080078,218.16000366210938,145.0824737548828,610.83447265625,357.92999267578125,236.07579040527344,108.76612854003906,144.3983154296875
2024-12-05,241.49705505371094,437.4307861328125,171.64881896972656,220.5500030517578,145.0124969482422,606.0078125,369.489990234375,238.09320068359375,109.24199676513672,143.48666381835938
2024-12-06,241.29832458496094,438.3696594238281,173.7069549560547,227.02999877929688,142.3933563232422,620.7765502929688,389.2200012207031,239.91665649414062,108.09037017822266,143.28512573242188
2024-12-09,245.1835174560547,440.7909240722656,174.56295776367188,226.08999633789062,138.7645263671875,610.62548828125,389.7900085449219,236.47344970703125,107.45271301269531,143.56341552734375
2024-12-10,246.19705200195312,438.1324462890625,184.31787109375,225.0399932861328,135.0257568359375,616.347900390625,400.989990234375,235.55203247070312,107.23379516601562,143.20834350585938
2024-12-11,244.92515563964844,443.7261047363281,194.50079345703125,230.25999450683594,139.2643585205078,629.643798828125,424.7699890136719,236.20187377929688,106.51998901367188,140.72288513183594
2024-12-12,246.38583374023438,444.2894287109375,191.0766143798828,228.97000122070312,137.2949981689453,627.7628784179688,418.1000061035156,234.26205444335938,106.42481994628906,140.3389892578125
2024-12-13,246.55474853515625,442.0262451171875,188.9464874267578,227.4600067138672,134.20602416992188,617.3729858398438,436.2300109863281,232.7198944091797,105.4920883178711,140.7036590576172
2024-12-16,249.44627380371094,446.2956237792969,195.75498962402344,232.92999267578125,131.95677185058594,621.7454223632812,463.0199890136719,232.3707275390625,103.2364501953125,138.04544067382812
2024-12-17,251.87078857421875,449.1319885253906,194.5207061767578,231.14999389648438,130.3472900390625,616.964599609375,479.8599853515625,231.18743896484375,102.79865264892578,140.50213623046875
2024-12-18,246.4752655029297,432.26214599609375,187.5330047607422,220.52000427246094,128.86778259277344,594.8035278320312,440.1300048828125,223.43788146972656,101.28535461425781,138.9091033935547
2024-12-19,248.20419311523438,431.9062805175781,187.64248657226562,223.2899932861328,130.63717651367188,593.1900024414062,436.1700134277344,225.949951171875,100.41925811767578,137.78634643554688
2024-12-20,252.87437438964844,431.4813537597656,190.5291748046875,224.9199981689453,134.65586853027344,582.9112548828125,421.05999755859375,230.45033264160156,100.76190185546875,138.6404266357422
2024-12-23,253.6494140625,430.1471862792969,193.7343292236328,225.05999755859375,139.62425231933594,597.452880859375,430.6000061035156,231.216552734375,101.17115783691406,139.40817260742188
2024-12-24,256.5608825683594,434.1793518066406,195.20751953125,229.0500030517578,140.17408752441406,605.3212890625,462.2799987792969,235.01858520507812,101.26632690429688,139.96475219726562
2024-12-26,257.3756103515625,432.9736633300781,194.69989013671875,227.0500030517578,139.88417053222656,600.9388427734375,454.1300048828125,235.8236083984375,101.35198211669922,139.70562744140625
2024-12-27,253.96739196777344,425.4825744628906,191.8729248046875,223.75,136.96511840820312,597.4130859375,431.6600036621094,233.91290283203125,101.34246826171875,139.19700622558594
2024-12-30,250.59890747070312,419.8493347167969,190.3599395751953,221.3000030517578,137.44496154785156,588.877197265625,417.4100036621094,232.1185760498047,100.6572036743164,137.55599975585938
2024-12-31,248.83021545410156,416.55841064453125,188.42886352539062,219.38999938964844,134.2460174560547,583.1702270507812,403.8399963378906,232.49684143066406,102.37986755371094,138.7843780517578
2025-01-02,242.3019256591797,413.6726379394531,188.5582733154297,220.22000122070312,138.26470947265625,596.8452758789062,379.2799987792969,232.77809143066406,102.13241577148438,138.20858764648438
2025-01-03,241.81503295898438,418.3866882324219,190.9073944091797,224.19000244140625,144.4226837158203,602.2137451171875,410.44000244140625,235.9593963623047,102.6558837890625,138.37173461914062
2025-01-06,243.44461059570312,422.83392333984375,195.96401977539062,227.61000061035156,149.38104248046875,627.6815795898438,411.04998779296875,234.8090057373047,102.54166412353516,137.86309814453125
2025-01-07,240.67234802246094,417.418212890625,194.5903778076172,222.11000061035156,140.09408569335938,615.4208374023438,394.3599853515625,237.07080078125,103.50293731689453,140.3293914794922
2025-01-08,241.15921020507812,419.58251953125,193.05746459960938,222.1300048828125,140.06410217285156,608.2794189453125,394.94000244140625,237.03182983398438,101.77075958251953,136.5292205810547
2025-01-10,235.3463592529297,414.038330078125,191.15626525878906,218.94000244140625,135.86549377441406,613.3988647460938,394.739990234375,233.8535614013672,101.39956665039062,136.32766723632812
2025-01-13,232.9119110107422,412.29888916015625,190.1309814453125,218.4600067138672,133.1863555908203,605.8990478515625,403.30999755859375,238.08473205566406,104.01689147949219,138.6404266357422
2025-01-14,231.79901123046875,410.7967529296875,188.78720092773438,217.75999450683594,131.71682739257812,591.875244140625,396.3599853515625,241.26295471191406,104.42613220214844,138.9091033935547
2025-01-15,236.35987854003906,421.31201171875,194.65011596679688,223.35000610351562,136.1953887939453,614.6539306640625,428.2200012207031,246.0205535888672,106.12977600097656,139.12026977539062
2025-01-16,226.81088256835938,419.602294921875,192.02224731445312,220.66000366210938,133.5262451171875,608.8570556640625,413.82000732421875,247.89239501953125,105.94893646240234,141.80726623535156
2025-01-17,228.51995849609375,424.0001525878906,195.09803771972656,225.94000244140625,137.66490173339844,610.3212890625,426.5,252.65972900390625,106.90068817138672,141.0971221923828
2025-01-21,221.22659301757812,423.476318359375,197.13861083984375,230.7100067138672,140.78387451171875,613.9965209960938,424.07000732421875,256.4326477050781,106.0916976928711,142.1719207763672
2025-01-22,222.40902709960938,440.9688415527344,197.45712280273438,235.00999450683594,147.0218505859375,621.0084228515625,415.1099853515625,256.2474670410156,104.24530029296875,139.40817260742188
2025-01-23,222.24008178710938,441.47283935546875,197.0689239501953,235.4199981689453,147.17178344726562,633.9066162109375,412.3800048828125,259.2794189453125,104.83538818359375,140.72288513183594
2025-01-24,221.36569213867188,438.8538818359375,199.2886505126953,234.85000610351562,142.5732879638672,644.9025268554688,406.5799865722656,258.1972961425781,103.41727447509766,140.89559936523438
2025-01-27,228.40074157714844,429.46527099609375,190.9272918701172,235.4199981689453,118.38121032714844,657.2429809570312,397.1499938964844,259.18194580078125,104.85443115234375,146.72067260742188
2025-01-28,236.7473907470703,441.9571228027344,194.4012451171875,238.14999389648438,128.94776916503906,671.6353149414062,398.0899963378906,260.4396057128906,102.82718658447266,144.3119354248047
2025-01-29,237.8404083251953,437.1441955566406,194.5107421875,237.07000732421875,123.65948486328125,673.78662109375,389.1000061035156,259.89361572265625,103.42680358886719,145.05087280273438
2025-01-30,236.0816650390625,410.1247253417969,199.94561767578125,234.63999938964844,124.60918426513672,684.2546997070312,400.2799987792969,261.50225830078125,104.28337860107422,146.7014923095703
2025-01-31,234.50173950195312,410.19390869140625,203.08111572265625,237.67999267578125,120.03067016601562,686.4259033203125,404.6000061035156,260.5955810546875,101.67557525634766,146.01051330566406
2025-02-03,226.56248474121094,406.1024475097656,200.30393981933594,237.4199981689453,116.62178802490234,694.6728515625,383.67999267578125,260.11785888671875,101.92303466796875,145.74180603027344
2025-02-04,231.3220672607422,407.5354309082031,205.43028259277344,242.05999755859375,118.61112976074219,701.3759155273438,392.2099914550781,261.2195129394531,104.65454864501953,147.2964630126953
2025-02-05,230.99415588378906,408.44464111328125,190.44952392578125,236.1699981689453,124.78910827636719,702.05322265625,378.1700134277344,263.64703369140625,104.57841491699219,148.44802856445312
2025-02-06,231.7394256591797,410.9449768066406,190.71827697753906,238.8300018310547,128.63784790039062,709.1447143554688,374.32000732421875,269.95477294921875,103.19837951660156,147.31564331054688
2025-02-07,226.18490600585938,404.9461364746094,184.48707580566406,229.14999389648438,129.79745483398438,711.6647338867188,361.6199951171875,268.8823547363281,103.63618469238281,146.9413604736328
2025-02-10,226.45346069335938,407.3871765136719,185.61187744140625,233.13999938964844,133.5262451171875,714.533203125,350.7300109863281,264.2417907714844,105.61582946777344,148.01622009277344
2025-02-11,231.3973388671875,406.6163330078125,184.46717834472656,232.75999450683594,132.7565155029297,716.9234619140625,328.5,268.0926818847656,106.28205108642578,149.82994079589844
2025-02-12,235.62501525878906,404.2444763183594,182.76504516601562,228.92999267578125,131.0970458984375,722.4812622070312,336.510009765625,268.5411376953125,103.08435821533203,148.9950408935547
2025-02-13,240.26052856445312,405.72686767578125,185.28338623046875,230.3699951171875,135.2456817626953,725.6485595703125,355.94000244140625,269.3893127441406,103.8333740234375,150.9047088623047
2025-02-14,243.3143768310547,403.6416320800781,184.37757873535156,228.67999267578125,138.80453491210938,733.7261352539062,355.8399963378906,269.6525573730469,103.93901062011719,149.84912109375
2025-02-18,243.18507385253906,404.83746337890625,182.92431640625,226.64999389648438,139.35435485839844,713.5072021484375,354.1099853515625,272.9283142089844,105.76351165771484,149.926513671875
2025-02-19,243.5829620361328,409.90728759765625,184.4174041748047,226.6300048828125,139.18438720703125,700.9576416015625,360.55999755859375,272.245849609375,105.91715240478516,152.73175048828125
2025-02-20,244.5379180908203,412.0759582519531,183.71067810058594,222.8800048828125,140.06410217285156,692.0632934570312,354.3999938964844,260.10809326171875,107.54960632324219,154.46327209472656
2025-02-21,244.2593994140625,404.23309326171875,178.83323669433594,216.5800018310547,134.38595581054688,680.8184204101562,337.79998779296875,257.6123352050781,106.29166412353516,156.9976806640625
2025-02-24,245.80125427246094,400.0640869140625,178.4251251220703,212.7100067138672,130.23733520507812,665.4600219726562,330.5299987792969,254.7850341796875,106.8486099243164,158.39064025878906
2025-02-25,245.7415313720703,394.0235595703125,174.61273193359375,212.8000030517578,126.5885238647461,654.87255859375,302.79998779296875,250.94387817382812,105.36980438232422,160.66384887695312
2025-02-26,239.0966796875,395.83575439453125,171.93511962890625,214.35000610351562,131.23699951171875,671.0077514648438,290.79998779296875,252.29904174804688,105.11052703857422,157.75221252441406
2025-02-27,236.05276489257812,388.7059020996094,167.72457885742188,208.74000549316406,120.11065673828125,655.6094970703125,281.95001220703125,252.55245971679688,105.77310180664062,158.38096618652344
2025-02-28,240.5688934326172,393.1224060058594,169.49639892578125,212.27999877929688,124.87908172607422,665.5297241210938,292.9800109863281,258.0120544433594,106.90621948242188,159.6288299560547
2025-03-03,236.77891540527344,384.7052307128906,166.24142456054688,205.02000427246094,114.02263641357422,652.4323120117188,284.6499938964844,254.0831298828125,103.47807312011719,161.8149871826172
2025-03-04,234.68994140625,384.82403564453125,170.13343811035156,203.8000030517578,115.9520034790039,637.4424438476562,272.0400085449219,243.9732208251953,103.26681518554688,160.01573181152344
2025-03-05,234.50094604492188,397.1131286621094,172.2238006591797,208.36000061035156,117.26158142089844,653.8466186523438,279.1000061035156,245.2211151123047,101.2502670288086,159.72555541992188
2025-03-06,234.0930938720703,393.0234375,171.55686950683594,200.6999969482422,110.53378295898438,625.4207153320312,263.45001220703125,240.3562774658203,103.3436508178711,160.412353515625
2025-03-07,237.81346130371094,389.478271484375,173.05992126464844,199.25,112.65309143066406,623.1597290039062,262.6700134277344,236.203125,104.6880111694336,161.24427795410156
2025-03-10,226.28436279296875,376.4563903808594,165.2968292236328,194.5399932861328,106.94496154785156,595.6002807617188,222.14999389648438,226.39544677734375,107.35755157470703,162.2212677001953
2025-03-11,219.6792755126953,376.7436218261719,163.47314453125,196.58999633789062,108.72438049316406,603.2894897460938,230.5800018310547,223.3927001953125,104.82244873046875,160.44137573242188
2025-03-12,215.83953857421875,379.53607177734375,166.53256225585938,198.88999938964844,115.71273803710938,617.0841064453125,248.08999633789062,222.18380737304688,104.79364776611328,157.5297088623047
2025-03-13,208.5779266357422,375.0799255371094,162.19757080078125,193.88999938964844,115.55277252197266,588.2797241210938,240.67999267578125,219.54177856445312,104.3519287109375,157.66513061523438
2025-03-14,212.36790466308594,384.7745666503906,164.9181365966797,197.9499969482422,121.6413345336914,605.7102661132812,249.97999572753906,226.60992431640625,107.45358276367188,157.4910125732422
2025-03-17,212.87521362304688,384.9132385253906,163.72230529785156,195.74000549316406,119.50183868408203,603.0187377929688,238.00999450683594,228.0625457763672,109.23966217041016,157.52003479003906
2025-03-18,211.5720977783203,379.7836608886719,160.1147918701172,192.82000732421875,115.4028091430664,580.548828125,225.30999755859375,229.07647705078125,109.12442779541016,158.88397216796875
2025-03-19,214.1086883544922,384.0417785644531,163.3236846923828,195.5399932861328,117.4923095703125,582.2435913085938,235.86000061035156,233.1126251220703,110.82410430908203,157.66513061523438
2025-03-20,212.97470092773438,383.07135009765625,162.23744201660156,194.9499969482422,118.50206756591797,584.1774291992188,236.25999450683594,233.01513671875,111.29463958740234,157.69415283203125
2025-03-21,217.12278747558594,387.4482727050781,163.42333984375,196.2100067138672,117.6722640991211,594.3955688476562,248.7100067138672,235.56942749023438,110.9105224609375,158.28424072265625
2025-03-24,219.56983947753906,389.2505187988281,167.1005859375,203.25999450683594,121.38140106201172,616.92529296875,278.3900146484375,241.83816528320312,111.19861602783203,157.95533752441406
2025-03-25,222.573974609375,391.31024169921875,169.97064208984375,205.7100067138672,120.66156768798828,624.3621826171875,288.1400146484375,244.83114624023438,111.95721435546875,155.75950622558594
2025-03-26,220.3656463623047,386.1708068847656,164.48963928222656,201.1300048828125,113.73320007324219,609.0797729492188,272.05999755859375,244.73365783691406,113.57044982910156,156.43661499023438
2025-03-27,222.6734619140625,386.7748718261719,161.67938232421875,201.36000061035156,111.40374755859375,600.7060546875,273.1300048828125,241.89663696289062,113.20555877685547,157.8005828857422
2025-03-28,216.7547149658203,375.109619140625,153.79672241210938,192.72000122070312,109.64415740966797,574.9463500976562,263.54998779296875,236.7588348388672,113.05192565917969,158.3616180419922
2025-03-31,220.9624786376953,371.7328796386719,154.10565185546875,190.25999450683594,108.35446166992188,574.5675048828125,259.1600036621094,239.1473846435547,114.20423126220703,160.42201232910156
2025-04-01,222.01690673828125,378.46661376953125,156.52725219726562,192.1699981689453,110.12405395507812,584.1774291992188,268.4599914550781,237.5485076904297,114.30986785888672,148.24334716796875
2025-04-02,222.7132110595703,378.4171142578125,156.49734497070312,196.00999450683594,110.39398193359375,582.1138916015625,282.760009765625,239.6543426513672,113.95455932617188,150.28439331054688
2025-04-03,202.12203979492188,369.47503662109375,150.19918823242188,178.41000366210938,101.7760238647461,529.9666137695312,267.2799987792969,222.9539794921875,107.96251678466797,154.5987091064453
2025-04-04,187.38987731933594,356.3343200683594,145.09689331054688,171.0,94.28778076171875,503.1602783203125,239.42999267578125,206.2685089111328,100.19397735595703,148.23367309570312
2025-04-07,180.50625610351562,354.3736572265625,146.242919921875,175.25999450683594,97.61698913574219,514.6444091796875,233.2899932861328,210.34913635253906,98.849609375,145.69927978515625
2025-04-08,171.51376342773438,351.1058044433594,144.19998168945312,170.66000366210938,96.27731323242188,508.86248779296875,221.86000061035156,212.73275756835938,96.76583862304688,145.0995330810547
2025-04-09,197.8048553466797,386.68572998046875,158.16160583496094,191.10000610351562,114.30307006835938,583.9482421875,272.20001220703125,229.86949157714844,101.59596252441406,146.03782653808594
2025-04-10,189.41917419433594,377.63482666015625,152.2919464111328,181.22000122070312,107.5446548461914,544.5910034179688,252.39999389648438,222.7774200439453,95.9592056274414,143.8323211669922
2025-04-11,197.1085205078125,384.6656494140625,156.5970001220703,184.8699951171875,110.90386199951172,541.8794555664062,252.30999755859375,231.6940155029297,99.04165649414062,146.77301025390625
2025-04-14,201.45553588867188,384.0318908691406,158.5203399658203,182.1199951171875,110.68391418457031,529.8270874023438,252.35000610351562,230.2422332763672,99.28172302246094,149.31707763671875
2025-04-15,201.07754516601562,381.97210693359375,155.7698516845703,179.58999633789062,112.1735610961914,519.8980712890625,254.11000061035156,228.68260192871094,99.00324249267578,148.6012725830078
2025-04-16,193.24891662597656,367.9896545410156,152.80018615722656,174.3300018310547,104.46538543701172,500.7477722167969,241.5500030517578,225.229736328125,100.04994201660156,148.8817901611328
2025-04-17,195.94467163085938,364.1969909667969,150.63768005371094,172.61000061035156,101.4660873413086,499.9203796386719,241.3699951171875,227.534912109375,102.67145538330078,152.32546997070312
2025-04-21,192.14476013183594,355.6213684082031,147.15972900390625,167.32000732421875,96.88717651367188,483.1526794433594,227.5,224.62155151367188,101.16383361816406,151.79345703125
2025-04-22,198.690185546875,363.2463684082031,150.94659423828125,173.17999267578125,98.86670684814453,498.72412109375,237.97000122070312,231.0956573486328,103.99662780761719,152.59632873535156
2025-04-23,203.5246124267578,370.74261474609375,154.8131866455078,180.60000610351562,102.68579864501953,518.6520385742188,250.74000549316406,236.28472900390625,103.10358428955078,150.30377197265625
2025-04-24,207.27479553222656,383.5268249511719,158.7296142578125,186.5399932861328,106.40492248535156,531.491943359375,259.510009765625,239.97299194335938,104.3134994506836,149.8684539794922
2025-04-25,208.18002319335938,388.0325012207031,161.4003448486328,188.99000549316406,110.98385620117188,545.5679931640625,284.95001220703125,238.90380859375,104.25589752197266,149.5299072265625
2025-04-28,209.03550720214844,387.3492431640625,160.0550079345703,187.6999969482422,108.70438385009766,548.0302734375,285.8800048828125,238.580078125,104.3134994506836,150.27474975585938
2025-04-29,210.09988403320312,390.2012023925781,159.60658264160156,187.38999938964844,108.99431610107422,552.7156982421875,292.0299987792969,239.95338439941406,104.05423736572266,150.81643676757812
2025-04-30,211.38308715820312,391.4093017578125,158.2512664794922,184.4199981689453,108.89433288574219,547.2926025390625,282.1600036621094,239.95338439941406,101.4327163696289,151.203369140625
2025-05-01,212.1988067626953,421.2556457519531,160.7426300048828,190.1999969482422,111.58370208740234,570.430419921875,280.5199890136719,242.18008422851562,101.57676696777344,149.41383361816406
2025-05-02,204.27069091796875,431.0393981933594,163.4632110595703,189.97999572753906,114.47303009033203,595.1632690429688,287.2099914550781,247.69285583496094,101.98966979980469,151.0195770263672
2025-05-05,197.8446502685547,431.92071533203125,163.64256286621094,186.35000610351562,113.7931900024414,597.40625,280.260009765625,247.74192810058594,99.16649627685547,149.93618774414062
2025-05-06,197.4666290283203,429.0885925292969,162.6659698486328,185.00999450683594,113.51325988769531,585.4833984375,275.3500061035156,244.49505615234375,100.54927062988281,149.42347717285156
2025-05-07,195.218505859375,429.12823486328125,150.85690307617188,188.7100067138672,117.03242492675781,594.953857421875,276.2200012207031,244.63238525390625,100.4532470703125,152.16104125976562
2025-05-08,196.45199584960938,433.9012756347656,153.74688720703125,192.0800018310547,117.34235382080078,596.150146484375,284.82000732421875,248.63453674316406,101.85523223876953,150.57461547851562
2025-05-09,197.48651123046875,434.455810546875,152.22218322753906,193.05999755859375,116.62252044677734,590.6473388671875,298.260009765625,248.25198364257812,103.04596710205078,149.18165588378906
2025-05-12,209.95704650878906,444.8832092285156,157.91244506835938,208.63999938964844,122.97103118896484,637.4413452148438,318.3800048828125,255.08901977539062,104.82244873046875,149.1042938232422
2025-05-13,212.08859252929688,444.764404296875,158.978759765625,211.3699951171875,129.89938354492188,653.98974609375,334.07000732421875,257.9925537109375,105.11052703857422,143.5904998779297
2025-05-14,211.490966796875,448.5273742675781,164.79856872558594,210.25,135.30810546875,657.3093872070312,347.67999267578125,260.5724182128906,104.16947937011719,141.57843017578125
2025-05-15,210.61444091796875,449.5392761230469,163.39344787597656,205.1699981689453,134.79823303222656,641.8775024414062,342.82000732421875,262.3870849609375,105.2258071899414,144.72225952148438
2025-05-16,210.42518615722656,450.6701965332031,165.61572265625,205.58999633789062,135.36810302734375,638.3484497070312,349.9800109863281,262.45574951171875,104.84785461425781,146.38609313964844
2025-05-19,207.95498657226562,455.23382568359375,165.96450805664062,206.16000366210938,135.53805541992188,638.4381713867188,342.0899963378906,259.826904296875,103.18098449707031,147.5081787109375
2025-05-20,206.04258728027344,454.53936767578125,163.4133758544922,204.07000732421875,134.3483428955078,635.1185913085938,343.82000732421875,260.6116027832031,101.70793151855469,148.63995361328125
2025-05-21,201.2914276123047,448.9837341308594,167.9775390625,201.1199951171875,131.76895141601562,633.5234985351562,334.6199951171875,256.06011962890625,100.45779418945312,148.17562866210938
2025-05-22,200.5643310546875,451.25555419921875,170.27955627441406,203.10000610351562,132.7987060546875,634.5902709960938,341.0400085449219,255.69720458984375,99.78910827636719,147.62425231933594
2025-05-23,194.49839782714844,446.6126403808594,167.88784790039062,200.99000549316406,131.25906372070312,625.1098022460938,339.3399963378906,255.73643493652344,99.84724426269531,147.9434814453125
2025-05-27,199.4188690185547,457.03936767578125,172.30255126953125,206.02000427246094,135.4680633544922,640.3223266601562,362.8900146484375,260.22906494140625,100.32210540771484,149.51422119140625
2025-05-28,199.62802124023438,453.7357482910156,171.76441955566406,204.72000122070312,134.7782440185547,641.5784301757812,356.8999938964844,258.46337890625,98.9556655883789,148.71420288085938
2025-05-29,199.15988159179688,455.0452880859375,171.26612854003906,205.6999969482422,139.15721130371094,643.0438842773438,358.42999267578125,259.32659912109375,99.51775360107422,149.836181640625
2025-05-30,200.05633544921875,456.71197509765625,171.1465606689453,205.00999450683594,135.09817504882812,645.4762573242188,346.4599914550781,258.9636535644531,99.13980865478516,151.42645263671875
2025-06-02,200.90296936035156,458.3092346191406,168.44590759277344,206.64999389648438,137.34764099121094,668.8134765625,342.69000244140625,259.611083984375,99.86663055419922,151.61180114746094
2025-06-03,202.46678161621094,459.30126953125,165.60577392578125,205.7100067138672,141.1867218017578,664.7760620117188,344.2699890136719,261.1903381347656,100.59346008300781,150.6557159423828
2025-06-04,202.01853942871094,460.1941223144531,167.46932983398438,207.22999572753906,141.88656616210938,685.8104858398438,332.04998779296875,259.1794738769531,99.13980865478516,149.4849395751953
2025-06-05,199.8372039794922,463.9739990234375,167.62875366210938,207.91000366210938,139.95703125,682.49072265625,284.70001220703125,256.95281982421875,98.68431854248047,149.91424560546875
2025-06-06,203.1142120361328,466.6525573730469,173.079833984375,213.57000732421875,141.6865997314453,695.5400390625,295.1400146484375,260.6606750488281,101.04894256591797,151.25083923339844
2025-06-09,200.65396118164062,469.0038146972656,175.69395446777344,216.97999572753906,142.59640502929688,691.9013671875,308.5799865722656,261.6513977050781,101.72732543945312,151.44595336914062
2025-06-10,201.869140625,467.1883239746094,178.19833374023438,217.61000061035156,143.92608642578125,700.2155151367188,326.0899963378906,263.4759216308594,103.9078140258789,152.63621520996094
2025-06-11,197.99452209472656,468.8748474121094,176.9511260986328,213.1999969482422,142.80625915527344,691.9811401367188,326.42999267578125,263.03448486328125,105.9332504272461,151.4752197265625
2025-06-12,198.41285705566406,475.0752868652344,175.30484008789062,213.24000549316406,144.9759063720703,691.20361328125,319.1099853515625,263.12274169921875,106.34027862548828,152.84109497070312
2025-06-13,195.6737060546875,471.1962890625,174.27716064453125,212.10000610351562,141.94639587402344,680.7462768554688,325.30999755859375,259.89556884765625,108.65644836425781,153.27037048339844
2025-06-16,197.63592529296875,475.3431701660156,176.3724365234375,216.10000610351562,144.66595458984375,700.4749145507812,329.1300048828125,265.2023010253906,109.00533294677734,151.4362030029297
2025-06-17,194.86692810058594,474.25189208984375,175.5542755126953,214.82000732421875,144.09603881835938,695.5963134765625,316.3500061035156,264.37835693359375,110.4783706665039,148.66542053222656
2025-06-18,195.80320739746094,476.4344482421875,172.93020629882812,212.52000427246094,145.455810546875,694.1397705078125,322.04998779296875,268.7336730957031,109.69339752197266,147.0556640625
2025-06-20,200.20574951171875,473.616943359375,166.26522827148438,209.69000244140625,143.8260955810547,680.7512817382812,322.1600036621094,269.7538146972656,111.15674591064453,146.13856506347656
2025-06-23,200.70376586914062,482.1488037109375,164.8184814453125,208.47000122070312,144.1460418701172,696.8933715820312,348.67999267578125,272.96142578125,108.28817749023438,147.63128662109375
2025-06-24,199.5084991455078,486.2261962890625,166.3949432373047,212.77000427246094,147.87539672851562,710.5313110351562,340.4700012207031,275.8944091796875,104.99320983886719,148.48007202148438
2025-06-25,200.76351928710938,488.3691101074219,170.29612731933594,211.99000549316406,154.28436279296875,707.01953125,327.54998779296875,278.6409912109375,105.02229309082031,148.56787109375
2025-06-26,200.20574951171875,493.5080871582031,173.14968872070312,217.1199951171875,154.99423217773438,724.3888549804688,325.7799987792969,283.24151611328125,106.59224700927734,148.304443359375
2025-06-27,200.28543090820312,492.0100402832031,178.12847900390625,223.3000030517578,157.7238006591797,731.9110717773438,323.6300048828125,281.6327819824219,106.0010986328125,148.6947021484375
2025-06-30,204.3592529296875,493.4683837890625,175.83364868164062,219.38999938964844,157.96376037597656,736.3606567382812,317.6600036621094,284.3793640136719,104.46990203857422,149.02642822265625
2025-07-01,206.99879455566406,488.1508483886719,175.44451904296875,220.4600067138672,153.2745361328125,717.5348510742188,300.7099914550781,284.8698425292969,105.86540985107422,152.11912536621094
2025-07-02,211.6005401611328,487.198486328125,178.23822021484375,219.9199981689453,157.22386169433594,711.8981323242188,315.6499938964844,286.4295349121094,107.61949920654297,151.7678985595703
2025-07-03,212.70614624023438,494.8870544433594,179.126220703125,223.41000366210938,159.3135223388672,717.3253784179688,315.3500061035156,291.75201416015625,108.73397064208984,152.2069549560547
2025-07-07,209.120361328125,493.7759094238281,176.3923797607422,223.47000122070312,158.21371459960938,716.6668701171875,293.94000244140625,287.77984619140625,107.67764282226562,151.4849853515625
2025-07-08,209.1801300048828,492.68463134765625,173.9678497314453,219.36000061035156,159.97341918945312,718.9814453125,297.80999755859375,278.72174072265625,110.66250610351562,151.99229431152344
2025-07-09,210.3056640625,499.5200500488281,176.2227783203125,222.5399932861328,162.85293579101562,731.0631103515625,295.8800048828125,279.0962829589844,110.28456115722656,152.4703826904297
2025-07-10,211.57066345214844,497.5061340332031,177.22052001953125,222.25999450683594,164.07273864746094,725.5360107421875,309.8699951171875,284.05413818359375,111.37964630126953,153.8459930419922
2025-07-11,210.32559204101562,499.3315734863281,179.7847442626953,225.02000427246094,164.89259338378906,715.828857421875,313.510009765625,282.7431640625,111.86418914794922,153.0752410888672
2025-07-14,207.79563903808594,499.0339050292969,181.15164184570312,225.69000244140625,164.04273986816406,719.2308959960938,316.8999938964844,284.55682373046875,110.40083312988281,152.9971923828125
2025-07-15,208.28369140625,501.8117980957031,181.59068298339844,226.35000610351562,170.671630859375,708.7255249023438,310.7799987792969,282.4376525878906,109.42204284667969,151.38743591308594
2025-07-16,209.3295440673828,501.61334228515625,182.55848693847656,223.19000244140625,171.34152221679688,701.2630615234375,321.6700134277344,281.7181396484375,108.76304626464844,160.76316833496094
2025-07-17,209.1901092529297,507.6451416015625,183.1671142578125,223.8800048828125,172.97125244140625,699.7665405273438,319.4100036621094,285.73956298828125,108.21066284179688,159.00701904296875
2025-07-18,210.3455047607422,506.0082092285156,184.64378356933594,226.1300048828125,172.38136291503906,702.6298828125,329.6499938964844,287.08990478515625,104.44082641601562,159.70948791503906
2025-07-21,211.640380859375,506.01812744140625,189.67245483398438,229.3000030517578,171.35153198242188,711.2994995117188,328.489990234375,286.7942199707031,104.71217346191406,160.3533935546875
2025-07-22,213.55279541015625,501.26611328125,190.90966796875,227.47000122070312,167.00225830078125,703.1586303710938,332.1099853515625,287.2475891113281,105.18704223632812,163.83636474609375
2025-07-23,213.30377197265625,501.8613586425781,189.8021697998047,228.2899932861328,170.75161743164062,711.9081420898438,332.55999755859375,292.5011291503906,106.53409576416016,164.97784423828125
2025-07-24,212.9153289794922,506.8316345214844,191.73780822753906,232.22999572753906,173.7111358642578,713.1251831054688,305.29998779296875,292.2940979003906,107.36753845214844,165.4266357421875
2025-07-25,213.03485107421875,509.6392517089844,192.74551391601562,231.44000244140625,173.47117614746094,711.0101928710938,316.05999755859375,294.33441162109375,106.98957824707031,164.1973419189453
2025-07-28,213.20416259765625,508.4388122558594,192.14688110351562,232.7899932861328,176.7206268310547,715.9486083984375,325.5899963378906,293.9992980957031,107.99745178222656,162.16806030273438
2025-07-29,210.43515014648438,508.5082702636719,195.3097381591797,231.00999450683594,175.4808349609375,698.3599243164062,321.20001220703125,292.7771301269531,109.3929672241211,164.01199340820312
2025-07-30,208.2239227294922,509.1729431152344,196.08799743652344,230.19000244140625,179.24021911621094,693.5811767578125,319.0400085449219,295.3299255371094,108.44325256347656,163.1826934814453
2025-07-31,206.74978637695312,529.2723999023438,191.46839904785156,234.11000061035156,177.84043884277344,771.6278076171875,308.2699890136719,291.9885559082031,108.19126892089844,160.72413635253906
2025-08-01,201.58029174804688,519.956787109375,188.70465087890625,214.75,173.69113159179688,748.2527465820312,302.6300048828125,285.2171936035156,106.2530517578125,163.25100708007812
2025-08-04,202.5464630126953,531.3953857421875,194.60133361816406,211.64999389648438,179.9700927734375,774.5509033203125,309.260009765625,290.0369873046875,104.05318450927734,166.87054443359375
2025-08-05,202.11814880371094,523.5679931640625,194.232177734375,213.75,178.23037719726562,761.6712646484375,308.7200012207031,287.1884460449219,103.92720031738281,166.577880859375
2025-08-06,212.40733337402344,520.7802124023438,195.6489715576172,222.30999755859375,179.3901824951172,770.1812133789062,319.9100036621094,287.16876220703125,103.2197494506836,166.4315185546875
2025-08-07,219.16053771972656,516.7127075195312,196.07801818847656,223.1300048828125,180.73997497558594,760.0449829101562,322.2699890136719,282.8220520019531,102.67704010009766,167.34861755371094
2025-08-08,228.4437255859375,517.9031982421875,200.9669952392578,222.69000244140625,182.66964721679688,767.49755859375,329.6499938964844,284.6159362792969,103.50079345703125,169.10472106933594
2025-08-11,226.5391082763672,517.6354370117188,200.54794311523438,221.3000030517578,182.0297393798828,764.0755004882812,339.0299987792969,285.4044189453125,102.56074523925781,169.58279418945312
2025-08-12,229.0021209716797,525.0460815429688,202.88267517089844,221.47000122070312,183.1295623779297,788.1489868164062,340.8399963378906,288.6472473144531,102.85148620605469,168.56813049316406
2025-08-13,232.6717529296875,516.454833984375,201.50579833984375,224.55999755859375,181.55982971191406,778.2523193359375,339.3800048828125,286.36053466796875,104.27606964111328,170.1681671142578
2025-08-14,232.12330627441406,518.3396606445312,202.48358154296875,230.97999572753906,181.98974609375,780.2974243164062,335.5799865722656,289.93841552734375,104.06287384033203,170.46084594726562
2025-08-15,230.9366455078125,516.0480346679688,203.44140625,231.02999877929688,180.42001342773438,783.3901977539062,330.55999755859375,286.32110595703125,104.16068267822266,172.33404541015625
2025-08-18,230.23861694335938,513.0023193359375,203.04232788085938,231.49000549316406,181.979736328125,765.572021484375,335.1600036621094,287.34619140625,104.38565826416016,171.95355224609375
2025-08-19,229.90956115722656,505.7304382324219,201.11668395996094,228.00999450683594,175.61080932617188,749.71923828125,329.30999755859375,286.4886779785156,105.07034301757812,173.4657745361328
2025-08-20,225.3723907470703,501.7125549316406,198.87171936035156,223.80999755859375,175.370849609375,745.9680786132812,323.8999938964844,288.0459899902344,106.15605926513672,174.48040771484375
2025-08-21,224.26551818847656,501.0666198730469,199.3007354736328,221.9499969482422,174.95091247558594,737.3682250976562,320.1099853515625,287.28704833984375,106.84075927734375,174.56822204589844
2025-08-22,227.11746215820312,504.037841796875,205.62648010253906,228.83999633789062,177.96043395996094,753.021484375,340.010009765625,291.9885559082031,108.84591674804688,174.91944885253906
2025-08-25,226.5191650390625,501.0865173339844,208.02110290527344,227.94000244140625,179.78012084960938,751.5349731445312,346.6000061035156,290.6678161621094,109.29583740234375,174.0609130859375
2025-08-26,228.6630859375,498.8804626464844,206.6741180419922,228.7100067138672,181.7397918701172,752.3331298828125,351.6700134277344,294.28515625,109.05130767822266,173.4515838623047
2025-08-27,229.8397674560547,503.5509033203125,207.0133514404297,229.1199951171875,181.56983947753906,745.62890625,349.6000061035156,294.9849548339844,110.28375244140625,173.74639892578125
2025-08-28,231.9039306640625,506.4326477050781,211.1640167236328,231.60000610351562,180.1400604248047,749.35009765625,345.9800109863281,296.7492980957031,110.8706283569336,172.42947387695312
2025-08-29,231.485107421875,503.501220703125,212.43115234375,229.0,174.1510467529297,736.9691772460938,333.8699951171875,297.09423828125,111.7900619506836,174.11985778808594
2025-09-02,229.0719451904297,501.9410705566406,210.87466430664062,225.33999633789062,170.75161743164062,733.3875732421875,329.3599853515625,295.39892578125,112.18132019042969,174.99453735351562
2025-09-03,237.79725646972656,502.1696472167969,230.1412353515625,225.99000549316406,170.59165954589844,735.3230590820312,334.0899963378906,295.211669921875,109.46212768554688,174.93557739257812
2025-09-04,239.1035614013672,504.7731628417969,231.7775421142578,235.67999267578125,171.63148498535156,746.8959350585938,338.5299987792969,299.4598083496094,109.94141387939453,175.6824951171875
2025-09-05,239.0137939453125,491.884765625,234.4714813232422,232.3300018310547,166.9922637939453,750.6870727539062,350.8399963378906,290.1552734375,106.84075927734375,175.35816955566406
2025-09-08,237.2089080810547,495.06463623046875,233.72247314453125,235.83999633789062,168.2820281982422,750.537353515625,346.3999938964844,288.70635986328125,107.44718933105469,175.06333923339844
2025-09-09,233.68887329101562,495.2732849121094,239.30491638183594,238.24000549316406,170.7316131591797,763.9059448242188,346.9700012207031,293.5754699707031,108.22969055175781,173.9134979248047
2025-09-10,226.1501922607422,497.22100830078125,238.84552001953125,230.3300018310547,177.300537109375,750.2180786132812,347.7900085449219,296.22686767578125,110.03922271728516,172.7636260986328
2025-09-11,229.3810577392578,497.8569641113281,240.0438995361328,229.9499969482422,177.1505584716797,749.140625,368.80999755859375,301.1748352050781,109.68709564208984,175.42697143554688
2025-09-12,233.40968322753906,506.6910095214844,240.4733123779297,228.14999389648438,177.80047607421875,753.8197021484375,395.94000244140625,302.5054626464844,109.7066650390625,174.99453735351562
2025-09-15,236.0322265625,512.1166381835938,251.26864624023438,231.42999267578125,177.73049926757812,762.9082641601562,410.0400085449219,304.4668884277344,109.89250946044922,174.3459014892578
2025-09-16,237.4781494140625,505.83642578125,250.8192596435547,234.0500030517578,174.86080932617188,777.1747436523438,421.6199951171875,304.75274658203125,112.17153930664062,173.42208862304688
2025-09-17,238.3157958984375,506.81024169921875,249.19146728515625,231.6199951171875,170.27130126953125,773.9024658203125,425.8599853515625,307.2760009765625,112.7681884765625,174.14935302734375
2025-09-18,237.2089080810547,505.2501220703125,251.68807983398438,231.22999572753906,176.2206573486328,778.421875,416.8500061035156,308.7347717285156,111.43795013427734,171.1616973876953
2025-09-19,244.8074188232422,514.6705322265625,254.3744354248047,231.47999572753906,176.6505889892578,776.5562133789062,426.07000732421875,310.26251220703125,110.35222625732422,173.15673828125
2025-09-22,255.35755920410156,511.21240234375,252.18739318847656,227.6300048828125,183.58984375,763.8824462890625,434.2099914550781,307.9560852050781,109.56971740722656,171.21083068847656
2025-09-23,253.71221923828125,506.0252380371094,251.31858825683594,220.7100067138672,178.410400390625,754.1387329101562,425.8500061035156,308.25177001953125,111.4574966430664,173.54002380371094
2025-09-24,251.59820556640625,506.9394226074219,246.80470275878906,220.2100067138672,176.9505615234375,759.3899536132812,442.7900085449219,308.92205810546875,112.05416107177734,173.6481475830078
2025-09-25,256.14532470703125,503.8390808105469,245.45654296875,218.14999389648438,177.67050170898438,747.6595458984375,423.3900146484375,308.9516296386719,113.06163024902344,174.6702117919922
2025-09-26,254.73931884765625,508.2411804199219,246.2055206298828,219.77999877929688,178.17044067382812,742.5081787109375,440.3999938964844,311.5241394042969,114.6559829711914,176.6161346435547
2025-09-29,253.71221923828125,511.3613586425781,243.71890258789062,222.1699981689453,181.83004760742188,742.1587524414062,443.2099914550781,311.1594543457031,111.72159576416016,178.49325561523438
2025-09-30,253.9116668701172,514.6903686523438,242.77020263671875,219.57000732421875,186.55950927734375,733.1538696289062,444.7200012207031,310.9031677246094,110.28375244140625,182.22784423828125
2025-10-01,254.72933959960938,516.4392700195312,244.5677490234375,220.6300048828125,187.21945190429688,716.1422729492188,459.4599914550781,306.2508850097656,109.54037475585938,182.8470001220703
2025-10-02,256.40460205078125,512.4942626953125,245.35667419433594,222.41000366210938,188.8692626953125,725.8360595703125,436.0,303.1362609863281,108.8556900024414,182.7781982421875
2025-10-03,257.2920837402344,514.0940551757812,245.01715087890625,219.50999450683594,187.5994110107422,709.3735961914062,429.8299865722656,305.5806579589844,110.78260040283203,185.3924102783203
2025-10-06,255.9658660888672,525.2435302734375,250.09024047851562,220.89999389648438,185.51962280273438,714.465087890625,453.25,306.2244567871094,111.70203399658203,184.92066955566406
2025-10-07,255.75643920898438,520.6823120117188,245.42657470703125,221.77999877929688,185.01968383789062,711.889404296875,433.0899963378906,304.7486877441406,111.76072692871094,185.63809204101562
2025-10-08,257.33197021484375,521.546875,244.2881317138672,225.22000122070312,189.0892333984375,716.6414794921875,438.69000244140625,301.1236877441406,111.52597045898438,186.42431640625
2025-10-09,253.32330322265625,519.1123657226562,241.2023162841797,227.74000549316406,192.54885864257812,732.2852783203125,435.5400085449219,302.6093444824219,110.44025421142578,187.7904052734375
2025-10-10,244.57806396484375,507.74432373046875,236.2490692138672,216.3699951171875,183.139892578125,704.1223754882812,413.489990234375,298.01373291015625,108.30793762207031,187.4365997314453
2025-10-13,246.96133422851562,510.81488037109375,243.81875610351562,220.07000732421875,188.29933166503906,714.5050048828125,435.8999938964844,305.0260314941406,109.78490447998047,187.61349487304688
2025-10-14,247.07101440429688,510.3379211425781,245.1169891357422,216.38999938964844,180.01022338867188,707.466796875,429.239990234375,299.19232177734375,109.83381652832031,187.56436157226562
2025-10-15,248.63656616210938,510.19879150390625,250.68942260742188,215.57000732421875,179.8102569580078,716.3519287109375,435.1499938964844,302.767822265625,109.16868591308594,187.8788604736328
2025-10-16,246.7519073486328,508.3902587890625,251.1188507080078,214.47000122070312,181.7900390625,710.881103515625,428.75,295.6861572265625,108.21990966796875,188.81248474121094
2025-10-17,251.5782470703125,510.347900390625,252.9563446044922,213.0399932861328,183.19989013671875,715.7229614257812,439.30999755859375,294.7155456542969,109.78490447998047,189.89356994628906
2025-10-20,261.50018310546875,513.5376586914062,256.2019348144531,216.47999572753906,182.6199493408203,730.947509765625,447.42999267578125,299.4696350097656,110.2348403930664,190.3849334716797
2025-10-21,262.0286865234375,514.4021606445312,250.12020874023438,222.02999877929688,181.14010620117188,732.0457153320312,442.6000061035156,294.2500305175781,110.24462890625,188.57662963867188
2025-10-22,257.72088623046875,517.2639770507812,251.34854125976562,217.9499969482422,180.2602081298828,732.1854248046875,438.9700012207031,291.2984924316406,112.20088195800781,189.61837768554688
2025-10-23,258.84765625,517.283935546875,252.73666381835938,221.08999633789062,182.13999938964844,732.7744750976562,448.9800109863281,291.72442626953125,113.44310760498047,189.15646362304688
2025-10-24,262.07855224609375,520.314697265625,259.5673828125,224.2100067138672,186.23953247070312,737.127197265625,433.7200012207031,297.5680236816406,112.86600494384766,187.12208557128906
2025-10-27,268.0516662597656,528.1749877929688,268.9046630859375,226.97000122070312,191.46897888183594,749.5663452148438,452.4200134277344,301.2425231933594,113.40398406982422,187.02381896972656
2025-10-28,268.2411193847656,538.6585693359375,267.1071472167969,229.25,201.0079345703125,750.1853637695312,460.54998779296875,302.4409484863281,112.51387786865234,183.7118377685547
2025-10-29,268.93914794921875,538.1417846679688,274.197509765625,230.3000030517578,207.01727294921875,750.4149169921875,461.510009765625,302.58953857421875,113.90282440185547,183.38751220703125
2025-10-30,270.63433837890625,522.451171875,281.09814453125,222.86000061035156,202.8677215576172,665.3572387695312,440.1000061035156,306.48199462890625,112.18132019042969,185.7953338623047
2025-10-31,269.6072692871094,514.5512084960938,280.8085021972656,244.22000122070312,202.4677734375,647.2674560546875,456.55999755859375,308.1459045410156,111.85853576660156,185.61843872070312
2025-11-03,268.29095458984375,513.776123046875,283.3350830078125,254.0,206.85728454589844,636.645263671875,468.3699951171875,306.3928527832031,111.27166748046875,183.05337524414062
2025-11-04,269.2781982421875,511.0931701660156,277.1634521484375,249.32000732421875,198.66818237304688,626.2725830078125,444.260009765625,306.2937927246094,111.64335632324219,183.64305114746094
2025-11-05,269.3779296875,503.96826171875,283.92425537109375,250.1999969482422,195.18858337402344,634.88818359375,462.07000732421875,308.7005615234375,111.19341278076172,182.7978515625
2025-11-06,269.0089416503906,493.9715576171875,284.3636779785156,243.0399932861328,188.05935668945312,617.9065551757812,445.9100036621094,310.4239501953125,111.99547576904297,183.75115966796875
2025-11-07,267.7126159667969,493.6933288574219,278.45172119140625,244.41000366210938,188.1293487548828,620.6719360351562,429.5199890136719,311.20635986328125,114.6559829711914,183.35806274414062
2025-11-10,268.93035888671875,502.8155517578125,289.7064208984375,248.39999389648438,199.0281524658203,630.7052001953125,445.2300109863281,313.8607482910156,115.63410949707031,185.16636657714844
2025-11-11,274.73956298828125,505.4786682128906,290.914794921875,249.10000610351562,193.1387939453125,626.0330200195312,439.6199951171875,312.6028747558594,117.15998077392578,190.49305725097656
2025-11-12,272.9628601074219,507.9232177734375,286.3210144042969,244.1999969482422,193.7787322998047,607.9931640625,430.6000061035156,317.34710693359375,115.53629302978516,191.0434112548828
2025-11-13,272.44384765625,500.12261962890625,278.19207763671875,237.5800018310547,186.8394775390625,608.8717041015625,401.989990234375,306.5216064453125,116.19164276123047,191.88861083984375
2025-11-14,271.9048156738281,506.96923828125,276.0350036621094,234.69000244140625,190.14910888671875,608.4424438476562,404.3500061035156,300.7076721191406,117.70126342773438,192.55690002441406
2025-11-17,266.9639892578125,504.296142578125,284.63330078125,232.8699951171875,186.5795135498047,601.0048217773438,408.9200134277344,297.4986572265625,116.11270141601562,196.14405822753906
2025-11-18,266.9440612792969,490.6824035644531,283.8943176269531,222.5500030517578,181.340087890625,596.6920776367188,401.25,296.5478515625,117.4447250366211,196.5568389892578
2025-11-19,268.06195068359375,484.0543518066406,292.4127502441406,222.69000244140625,186.49952697753906,589.3343505859375,403.989990234375,300.3709411621094,115.78709411621094,199.02362060546875
2025-11-20,265.7562561035156,476.308837890625,289.05731201171875,217.13999938964844,180.6201629638672,588.1663208007812,395.2300109863281,295.5277099609375,115.46148681640625,199.573974609375
2025-11-21,270.98651123046875,470.0268249511719,299.25347900390625,220.69000244140625,178.86036682128906,593.2578125,391.0899963378906,295.171142578125,115.52069091796875,200.38967895507812
2025-11-24,275.4083251953125,471.89849853515625,318.14776611328125,226.27999877929688,182.52996826171875,612.0264282226562,417.7799987792969,295.1513366699219,114.42547607421875,202.502685546875
2025-11-25,276.4563903808594,474.8752136230469,323.0011901855469,229.6699981689453,177.80047607421875,635.1576538085938,419.3999938964844,300.103515625,112.98491668701172,204.40159606933594
2025-11-26,277.0352783203125,483.3475341796875,319.5159606933594,229.16000366210938,180.24020385742188,632.5520629882812,426.5799865722656,304.6991882324219,113.241455078125,205.28182983398438
2025-11-28,278.3328857421875,489.82867431640625,319.7456359863281,233.22000122070312,176.98056030273438,646.8681640625,430.1700134277344,310.087158203125,114.37614440917969,204.64886474609375
2025-12-01,282.57501220703125,484.5820007324219,314.46282958984375,233.8800048828125,179.90025329589844,639.7999267578125,430.1400146484375,305.9669494628906,115.0766830444336,203.08619689941406
2025-12-02,285.6592712402344,487.82757568359375,315.38153076171875,234.4199981689453,181.44007873535156,646.01953125,429.239990234375,304.9368896484375,113.84333038330078,203.1653289794922
2025-12-03,283.623046875,475.6119689941406,319.19635009765625,232.3800048828125,179.57028198242188,638.5320434570312,446.739990234375,309.1462707519531,116.2311019897461,203.07630920410156
2025-12-04,280.179443359375,478.70819091796875,317.1890869140625,229.11000061035156,183.37008666992188,660.425537109375,454.5299987792969,313.0783386230469,115.57989501953125,200.25758361816406
2025-12-05,278.26300048828125,481.01788330078125,320.8341064453125,229.52999877929688,182.40013122558594,672.2955932617188,455.0,312.0284729003906,114.98788452148438,199.713623046875
2025-12-08,277.3746643066406,488.8430480957031,313.49932861328125,226.88999938964844,185.5399627685547,665.6866455078125,439.5799865722656,312.1968078613281,114.43534851074219,199.4070281982422
2025-12-09,276.66595458984375,489.8385925292969,316.85693359375,227.9199981689453,184.95999145507812,655.8631591796875,445.1700134277344,297.6373596191406,116.67510986328125,197.7652587890625
2025-12-10,278.26300048828125,476.43829345703125,319.9847412109375,231.77999877929688,183.77005004882812,649.0444946289062,451.45001220703125,307.1455383300781,117.94792938232422,204.2730255126953
2025-12-11,277.514404296875,481.3265075683594,312.210205078125,230.27999877929688,180.92019653320312,651.6201782226562,446.8900146484375,314.3460693359375,117.94792938232422,207.70494079589844
2025-12-12,277.7639465332031,476.4084167480469,309.07244873046875,226.19000244140625,175.01052856445312,643.1543579101562,458.9599914550781,315.4751892089844,117.23751831054688,209.25770568847656
2025-12-15,273.6016540527344,472.7148742675781,308.003173828125,222.5399932861328,176.28045654296875,646.9561157226562,475.30999755859375,316.9608154296875,116.19164276123047,211.8192901611328
2025-12-16,274.1007385253906,474.2779235839844,306.3543395996094,222.55999755859375,177.71038818359375,656.587890625,489.8800048828125,312.5335693359375,113.15265655517578,207.00274658203125
2025-12-17,271.33587646484375,474.00909423828125,296.5112609863281,221.27000427246094,170.93075561523438,648.9443969726562,467.260009765625,311.9690246582031,115.84630584716797,208.0214385986328
2025-12-18,271.68524169921875,481.8342590332031,302.2472229003906,226.75999450683594,174.1305694580078,663.881591796875,483.3699951171875,310.0079345703125,114.98788452148438,206.0236053466797
2025-12-19,273.1625061035156,483.7656555175781,306.9439392089844,227.35000610351562,180.98020935058594,658.2064819335938,481.20001220703125,314.17767333984375,115.1358871459961,204.10488891601562
2025-12-22,270.4674987792969,482.7701110839844,309.56207275390625,228.42999267578125,183.6800537109375,660.9341430664062,488.7300109863281,320.0014953613281,116.5764389038086,205.0444793701172
2025-12-23,271.85491943359375,484.6915283203125,314.1288757324219,232.13999938964844,189.19976806640625,664.3711547851562,485.55999755859375,322.8143310546875,117.82952117919922,203.52137756347656
2025-12-24,273.3022155761719,485.8563232421875,313.8690490722656,232.3800048828125,188.59979248046875,666.9789428710938,485.3999938964844,326.02337646484375,117.63219451904297,205.49942016601562
2025-12-26,272.8929748535156,485.5476989746094,313.2894592285156,232.52000427246094,190.51968383789062,662.7225952148438,475.19000244140625,324.7754211425781,117.5236587524414,205.35105895996094
2025-12-29,273.2523498535156,484.9404296875,313.33941650390625,232.07000732421875,188.20980834960938,658.1265258789062,459.6400146484375,320.6551818847656,118.92474365234375,205.28182983398438
2025-12-30,272.5735778808594,485.3187255859375,313.6292419433594,232.52999877929688,187.52984619140625,665.3803100585938,454.42999267578125,320.328369140625,119.37861633300781,204.6389617919922
2025-12-31,271.3558349609375,481.4758605957031,312.7798156738281,230.82000732421875,186.4899139404297,659.5253295898438,449.7200012207031,319.1398010253906,118.73727416992188,204.67852783203125
2026-01-02,270.5074157714844,470.84320068359375,314.9283142089844,226.5,188.83978271484375,649.8535766601562,438.07000732421875,322.36865234375,121.01651000976562,205.0741424560547
2026-01-05,266.7643737792969,470.7536315917969,316.3173522949219,233.05999755859375,188.1098175048828,658.2264404296875,451.6700134277344,330.8468322753906,123.69041442871094,202.0675048828125
2026-01-06,261.8734436035156,476.3885192871094,314.1188659667969,240.92999267578125,187.22987365722656,660.0548706054688,432.9599914550781,332.90625,119.43782806396484,202.542236328125
2026-01-07,259.8471984863281,481.3265075683594,321.7535095214844,241.55999755859375,189.09976196289062,648.1350708007812,431.4100036621094,325.3250732421875,116.91191101074219,205.21261596679688
2026-01-08,258.55963134765625,475.9902648925781,325.2110595703125,246.2899932861328,185.0299835205078,645.50732421875,435.79998779296875,328.11083984375,121.2730484008789,203.49169921875
2026-01-09,258.8890075683594,477.15509033203125,328.3388671875,247.3800048828125,184.84999084472656,652.5013427734375,445.010009765625,327.5138854980469,122.95040893554688,202.14663696289062
2026-01-12,259.76739501953125,475.06439208984375,331.62652587890625,246.47000122070312,184.92999267578125,641.4207763671875,448.9599914550781,322.8377990722656,122.37812805175781,207.41812133789062
2026-01-13,260.5658874511719,468.5832824707031,335.7336730957031,242.60000610351562,185.79994201660156,630.5501708984375,447.20001220703125,309.3169860839844,124.85469818115234,211.3049774169922
2026-01-14,259.4779052734375,457.34332275390625,335.603759765625,236.64999389648438,183.1300811767578,614.9934692382812,439.20001220703125,306.30242919921875,128.4659423828125,216.15121459960938
2026-01-15,257.73114013671875,454.6353759765625,332.5458984375,238.17999267578125,187.03988647460938,620.2689208984375,438.57000732421875,307.68536376953125,127.41021728515625,217.16001892089844
2026-01-16,255.05613708496094,457.8211669921875,329.7678527832031,239.1199951171875,186.21990966796875,619.7194213867188,437.5,310.8789978027344,128.1600799560547,216.260009765625
2026-01-20,246.2425079345703,452.5048828125,321.77349853515625,231.0,178.06036376953125,603.6032104492188,419.25,301.19854736328125,128.72250366210938,215.81495666503906
2026-01-21,247.1907501220703,442.1410217285156,328.1490173339844,231.30999755859375,183.31008911132812,612.4356689453125,431.44000244140625,300.50213623046875,131.83055114746094,215.6171417236328
2026-01-22,247.8894500732422,449.1398620605469,330.3074951171875,234.33999633789062,184.82998657226562,647.0759887695312,449.3599853515625,302.0840148925781,131.8601531982422,216.0918731689453
2026-01-23,247.58001708984375,463.8841857910156,327.6993103027344,239.16000366210938,187.6598358154297,658.1964721679688,449.05999755859375,296.2041015625,133.1724395751953,217.7237548828125
2026-01-26,254.9363555908203,468.19500732421875,333.02557373046875,238.4199981689453,186.4599151611328,671.7847900390625,435.20001220703125,299.5072021484375,133.04415893554688,219.05894470214844
2026-01-27,257.791015625,478.4493103027344,334.31463623046875,244.67999267578125,188.50979614257812,672.394287109375,430.8999938964844,298.7809143066406,135.0076446533203,221.9765625
2026-01-28,255.96446228027344,479.49468994140625,335.7736511230469,243.00999450683594,191.5096435546875,668.1578979492188,431.4599914550781,299.2385559082031,135.74766540527344,225.22056579589844
2026-01-29,257.801025390625,431.57806396484375,338.0120544433594,241.72999572753906,192.49957275390625,737.6784057617188,416.55999755859375,304.8598327636719,138.63864135742188,224.79527282714844
2026-01-30,258.9988098144531,428.38232421875,337.7622375488281,239.3000030517578,191.11965942382812,715.8870849609375,430.4100036621094,304.33251953125,139.51678466796875,224.75572204589844
2026-02-02,269.5093078613281,421.49298095703125,343.4482421875,242.9600067138672,185.59996032714844,705.8056640625,421.80999755859375,306.5710754394531,136.55673217773438,228.21730041503906
2026-02-03,268.98028564453125,409.3868713378906,339.47100830078125,238.6199951171875,180.33023071289062,691.1082763671875,421.9599914550781,313.24688720703125,141.8157501220703,230.54151916503906
2026-02-04,275.97723388671875,412.3536682128906,332.80572509765625,232.99000549316406,174.18057250976562,668.417724609375,406.010009765625,315.654541015625,145.6243438720703,231.89646911621094
2026-02-05,275.3983459472656,391.9246520996094,331.0169677734375,222.69000244140625,171.87069702148438,669.63671875,397.2099914550781,308.5807800292969,144.1344757080078,235.18002319335938
2026-02-06,277.6042175292969,399.3615417480469,322.63287353515625,210.32000732421875,185.39996337890625,660.8941650390625,411.1099853515625,320.7584533691406,147.06491088867188,237.35589599609375
2026-02-09,274.3672180175781,411.76629638671875,324.09185791015625,208.72000122070312,190.0297088623047,676.640625,417.32000732421875,320.4599914550781,149.19613647460938,236.0207061767578
2026-02-10,273.4280700683594,411.437744140625,318.3558654785156,206.9600067138672,188.52978515625,670.1461791992188,425.2099914550781,316.659423828125,149.57107543945312,235.73388671875
2026-02-11,275.24639892578125,402.57720947265625,310.7412414550781,204.0800018310547,190.0397186279297,668.1179809570312,428.2699890136719,309.2374267578125,153.4882049560547,238.21633911132812
2026-02-12,261.4891052246094,400.05841064453125,308.7826232910156,199.60000610351562,186.9298858642578,649.254150390625,417.07000732421875,301.09906005859375,148.91920471191406,241.8658447265625
2026-02-13,255.5445556640625,399.5407409667969,305.50494384765625,198.7899932861328,182.80010986328125,639.2227172851562,417.44000244140625,301.0094909667969,147.44918823242188,240.7779083251953
2026-02-17,263.6371154785156,395.1004943847656,301.8075256347656,201.14999389648438,184.95999145507812,638.7431030273438,410.6300048828125,305.5661926269531,145.20443725585938,240.6592254638672
2026-02-18,264.106689453125,397.828369140625,303.1166076660156,204.7899932861328,187.96981811523438,642.6697387695312,411.32000732421875,307.2077941894531,149.66415405273438,242.30101013183594
2026-02-19,260.3401184082031,397.5988464355469,302.636962890625,204.86000061035156,187.88983154296875,644.2284545898438,411.7099914550781,306.48150634765625,149.95220947265625,244.19992065429688
2026-02-20,264.3364562988281,396.37152099609375,314.7584228515625,210.11000061035156,189.8097381591797,655.09912109375,411.82000732421875,309.20758056640625,146.28707885742188,239.8284454345703
2026-02-23,265.9349670410156,383.6390686035156,311.2708740234375,205.27000427246094,191.53964233398438,636.7048950195312,399.8299865722656,296.1543884277344,149.74362182617188,243.14166259765625
2026-02-24,271.8895263671875,388.1593017578125,310.6813049316406,208.55999755859375,192.83956909179688,638.7531127929688,409.3800048828125,295.7862243652344,148.25372314453125,244.87173461914062
2026-02-25,273.97760009765625,399.7342224121094,312.67987060546875,210.63999938964844,195.54940795898438,653.1307983398438,417.3999938964844,301.75567626953125,148.05508422851562,243.76808166503906
2026-02-26,272.6987609863281,400.851806640625,307.1637878417969,207.9199981689453,184.87998962402344,656.447998046875,408.5799865722656,304.5712890625,147.53857421875,242.0778045654297
2026-02-27,263.93682861328125,391.8912048339844,311.54071044921875,210.0,177.180419921875,647.62548828125,402.510009765625,298.7709655761719,151.47189331054688,247.00942993164062
2026-03-02,264.476318359375,397.6886291503906,306.3043518066406,208.38999938964844,182.47012329101562,653.0009155273438,403.32000732421875,296.044921875,153.1802978515625,247.13868713378906
2026-03-03,263.5072326660156,403.0570068359375,303.3664245605469,208.72999572753906,180.04025268554688,654.5196533203125,392.42999267578125,298.7311706542969,150.80641174316406,245.3390350341797
2026-03-04,262.2783508300781,404.32427978515625,302.9167785644531,216.82000732421875,183.03009033203125,667.1587524414062,405.94000244140625,297.8656311035156,148.80996704101562,243.8973388671875
2026-03-05,260.0504150390625,409.79241943359375,300.6683349609375,218.94000244140625,183.330078125,660.0049438476562,405.54998779296875,292.0553283691406,149.74362182617188,238.259765625
2026-03-06,257.2229919433594,408.0761413574219,298.30999755859375,213.2100067138672,177.8103790283203,644.308349609375,396.7300109863281,288.0060729980469,150.1905975341797,239.0253448486328
2026-03-09,259.6407775878906,408.5251770019531,306.3599853515625,213.49000549316406,182.64010620117188,646.836181640625,398.67999267578125,288.44384765625,149.42578125,241.20281982421875
2026-03-10,260.58990478515625,404.8830871582031,307.0400085449219,214.3300018310547,184.760009765625,653.510498046875,399.239990234375,287.2598876953125,147.13136291503906,242.31643676757812
2026-03-11,260.5699157714844,404.0049743652344,308.70001220703125,212.64999389648438,186.02999877929688,654.2998046875,407.82000732421875,286.0560302734375,150.55809020996094,241.6005401611328
2026-03-12,255.52456665039062,400.9914855957031,303.54998779296875,209.52999877929688,183.13999938964844,637.6340942382812,395.010009765625,281.44964599609375,152.4949493408203,240.6559600830078
2026-03-13,249.8897705078125,394.69512939453125,302.2799987792969,207.6699981689453,180.25,613.1849975585938,391.20001220703125,281.996826171875,155.06747436523438,240.13894653320312
2026-03-16,252.58729553222656,399.08563232421875,305.55999755859375,211.74000549316406,183.22000122070312,627.4500122070312,395.55999755859375,284.7029724121094,156.1699981689453,241.7993927001953
2026-03-17,253.99598693847656,398.5467834472656,310.9200134277344,215.1999969482422,181.92999267578125,622.6599731445312,399.2699890136719,285.42926025390625,157.73934936523438,236.74844360351562
2026-03-18,249.70994567871094,390.9432678222656,307.69000244140625,209.8699951171875,180.39999389648438,615.6799926757812,392.7799987792969,286.27490234375,156.52757263183594,235.92318725585938
2026-03-19,248.73085021972656,388.1792297363281,307.1300048828125,208.75999450683594,178.55999755859375,606.7000122070312,380.29998779296875,286.5037536621094,157.09373474121094,236.24136352539062
2026-03-20,247.76173400878906,381.0447082519531,301.0,205.3699951171875,172.6999969482422,593.6599731445312,367.9599914550781,285.1009216308594,158.5935516357422,234.02410888671875
2026-03-23,251.25851440429688,382.1722717285156,302.05999755859375,210.13999938964844,175.63999938964844,604.0599975585938,380.8500061035156,288.4338684082031,160.04371643066406,234.07382202148438
2026-03-24,251.4083709716797,371.9344177246094,290.44000244140625,207.24000549316406,175.1999969482422,592.9199829101562,383.0299987792969,290.91119384765625,164.2650604248047,233.9246826171875
2026-03-25,252.38746643066406,370.2381286621094,290.92999267578125,211.7100067138672,178.67999267578125,594.8900146484375,385.95001220703125,293.91583251953125,162.1593475341797,238.5580291748047
2026-03-26,252.6572265625,365.1790771484375,280.9200134277344,207.5399932861328,171.24000549316406,547.5399780273438,372.1099853515625,290.1749572753906,164.31471252441406,237.8719940185547
2026-03-27,248.57098388671875,355.9989318847656,274.3399963378906,199.33999633789062,167.52000427246094,525.719970703125,361.8299865722656,281.3998718261719,169.8372344970703,239.07505798339844
2026-03-30,246.40298461914062,358.1842041015625,273.5,200.9499969482422,165.1699981689453,536.3800048828125,355.2799987792969,282.32513427734375,170.31399536132812,241.10340881347656
2026-03-31,253.55638122558594,369.3699951171875,287.55999755859375,208.27000427246094,174.39999389648438,572.1300048828125,371.75,292.6622314453125,168.51620483398438,243.04225158691406
2026-04-01,255.3946990966797,368.57171630859375,297.3900146484375,210.57000732421875,175.75,579.22998046875,381.260009765625,293.87603759765625,159.69607543945312,242.7240753173828
2026-04-02,255.68443298339844,372.6528625488281,295.7699890136719,209.77000427246094,177.38999938964844,574.4600219726562,360.5899963378906,293.1000061035156,159.60667419433594,241.65025329589844
2026-04-06,258.6217041015625,372.0741271972656,299.989990234375,212.7899932861328,177.63999938964844,573.02001953125,352.82000732421875,295.45001220703125,162.2686004638672,239.5920867919922
2026-04-07,253.26666259765625,371.48541259765625,305.4599914550781,213.77000427246094,178.10000610351562,575.0499877929688,346.6499938964844,297.3999938964844,162.8049774169922,237.04673767089844
2026-04-08,258.66168212890625,373.52099609375,317.32000732421875,221.25,182.0800018310547,612.4199829101562,343.25,307.9700012207031,155.16680908203125,239.9202117919922
2026-04-09,260.2502136230469,372.26373291015625,318.489990234375,233.64999389648438,183.91000366210938,628.3900146484375,345.6199951171875,310.3299865722656,153.99476623535156,239.93014526367188
2026-04-10,260.240234375,370.0684814453125,317.239990234375,238.3800048828125,188.6300048828125,629.8599853515625,348.95001220703125,309.8699951171875,151.4818115234375,237.09645080566406
2026-04-13,258.96142578125,383.539306640625,321.30999755859375,239.88999938964844,189.30999755859375,634.530029296875,352.4200134277344,313.67999267578125,151.61094665527344,236.59930419921875
2026-04-14,258.59173583984375,392.2604064941406,332.9100036621094,249.02000427246094,196.50999450683594,662.489990234375,364.20001220703125,311.1199951171875,148.23387145996094,238.72706604003906
2026-04-15,266.18475341796875,410.3312683105469,337.1199951171875,248.5,198.8699951171875,671.5800170898438,391.95001220703125,305.92999267578125,148.0054168701172,237.30523681640625
2026-04-16,263.15753173828125,419.35174560546875,336.0199890136719,249.6999969482422,198.35000610351562,676.8699951171875,388.8999938964844,309.95001220703125,150.9553985595703,233.1988525390625
2026-04-17,269.98126220703125,421.87628173828125,341.67999267578125,250.55999755859375,201.67999267578125,688.5499877929688,400.6199951171875,310.2900085449219,145.45274353027344,232.84091186523438
2026-04-20,272.79864501953125,417.1664733886719,337.4200134277344,248.27999877929688,202.05999755859375,670.9099731445312,392.5,316.989990234375,146.6843719482422,229.37088012695312
2026-04-21,265.9250183105469,423.2433166503906,332.2900085449219,249.91000366210938,199.8800048828125,668.8400268554688,386.4200134277344,313.0,147.35980224609375,224.8667755126953
2026-04-22,272.9185791015625,431.984375,339.32000732421875,255.36000061035156,202.5,674.719970703125,387.510009765625,313.0199890136719,148.4921112060547,224.80712890625
2026-04-23,273.1783142089844,414.8514709472656,338.8900146484375,255.0800018310547,199.63999938964844,659.1500244140625,373.7200012207031,311.69000244140625,149.51516723632812,229.3311004638672
2026-04-24,270.81048583984375,423.7023010253906,344.3999938964844,263.989990234375,208.27000427246094,675.030029296875,376.29998779296875,308.2799987792969,147.90609741210938,226.19911193847656
2026-04-27,267.3636474609375,423.9018859863281,350.3399963378906,261.1199951171875,216.61000061035156,678.6199951171875,378.6700134277344,311.6300048828125,147.19094848632812,224.0514678955078
2026-04-28,270.4608154296875,428.3222961425781,349.7799987792969,259.70001220703125,213.1699981689453,671.3400268554688,376.0199890136719,311.45001220703125,149.5449676513672,226.48745727539062
2026-04-29,269.92132568359375,423.5426330566406,349.94000244140625,263.0400085449219,209.25,669.1199951171875,372.79998779296875,309.25,153.62725830078125,226.0499725341797
2026-04-30,271.1002502441406,406.8987121582031,384.79998779296875,265.05999755859375,199.57000732421875,611.9099731445312,381.6300048828125,313.2300109863281,153.28955078125,228.5356903076172
2026-05-01,279.88214111328125,413.5443115234375,385.69000244140625,268.260009765625,198.4499969482422,608.75,390.82000732421875,312.4700012207031,151.72019958496094,225.89088439941406
2026-05-04,276.5751647949219,412.72607421875,383.25,272.04998779296875,198.47999572753906,610.4099731445312,392.510009765625,307.6499938964844,152.65386962890625,222.91798400878906
2026-05-05,283.9184265136719,410.4909362792969,388.42999267578125,273.54998779296875,196.5,604.9600219726562,389.3699951171875,309.3999938964844,153.83584594726562,224.26026916503906
2026-05-06,287.245361328125,413.0653381347656,398.0400085449219,274.989990234375,207.8300018310547,612.8800048828125,398.7300109863281,314.8999938964844,147.6875762939453,223.33558654785156
2026-05-07,287.1754150390625,419.8606262207031,397.989990234375,271.1700134277344,211.5,616.8099975585938,411.7900085449219,306.2699890136719,145.591796875,221.23764038085938
2026-05-08,293.0500183105469,414.22283935546875,400.79998779296875,272.67999267578125,215.1999969482422,609.6300048828125,428.3500061035156,302.1000061035156,143.59535217285156,220.05445861816406
2026-05-11,292.67999267578125,411.7681579589844,388.6400146484375,268.989990234375,219.44000244140625,598.8599853515625,445.0,300.0,148.6708984375,220.163818359375
2026-05-12,294.79998779296875,406.8887023925781,387.3500061035156,265.82000732421875,220.77999877929688,603.0,433.45001220703125,304.8800048828125,149.614501953125,222.97763061523438
2026-05-13,298.8699951171875,404.3342590332031,402.6199951171875,270.1300048828125,225.8300018310547,616.6300048828125,445.2699890136719,300.25,150.5481719970703,229.1024169921875
2026-05-14,298.2099914550781,408.5451354980469,401.07000732421875,267.2200012207031,235.74000549316406,618.4299926757812,443.29998779296875,299.9100036621094,151.75,229.48025512695312
2026-05-15,300.2300109863281,421.0081481933594,396.7799987792969,264.1400146484375,225.32000732421875,614.22998046875,422.239990234375,297.80999755859375,157.9199981689453,225.41363525390625
2026-05-18,297.8399963378906,422.6246643066406,396.94000244140625,264.8599853515625,222.32000732421875,611.2100219726562,409.989990234375,300.7300109863281,160.49000549316406,227.61099243164062
2026-05-19,298.9700012207031,416.51788330078125,387.6600036621094,259.3399963378906,220.61000061035156,602.6099853515625,404.1099853515625,295.70001220703125,162.5500030517578,228.684814453125
2026-05-20,302.25,420.1499938964844,388.9100036621094,265.010009765625,223.47000122070312,605.0599975585938,417.260009765625,301.9800109863281,156.27999877929688,228.0087127685547
2026-05-21,304.989990234375,419.0899963378906,387.6600036621094,268.4599914550781,219.50999450683594,607.3800048828125,417.8500061035156,303.0,155.2899932861328,230.40492248535156
2026-05-22,308.82000732421875,418.57000732421875,382.9700012207031,266.32000732421875,215.3300018310547,610.260009765625,426.010009765625,306.3800048828125,154.9199981689453,233.0
2026-05-26,308.3299865722656,416.0299987792969,388.8800048828125,265.2900085449219,214.86000061035156,612.3400268554688,433.5899963378906,306.739990234375,149.80999755859375,230.17999267578125
2026-05-27,310.8500061035156,412.6700134277344,388.8299865722656,271.8500061035156,212.60000610351562,635.260009765625,440.3599853515625,299.2799987792969,147.89999389648438,231.2899932861328
2026-05-28,312.510009765625,426.989990234375,390.1300048828125,274.0,214.25,635.2899780273438,442.1000061035156,296.7300109863281,146.9600067138672,230.8000030517578
2026-05-29,312.05999755859375,450.239990234375,380.3399963378906,270.6400146484375,211.13999938964844,632.510009765625,435.7900085449219,299.30999755859375,145.25999450683594,225.3300018310547
